,0,5,6,7,8,11,13,15,17,20,21,22,23,24,26,28,19,25,33,12,31,27,32,9,10,30,29
frankfurt_000001_005898_leftImg8bit.jpg,0.01064226332762235,0.000487685930260912,0.008541963262613285,0.570970066642397,0.42266214953439624,0.06126534565771727,0.0004526715706086816,0.0005561735261401557,0.5055673138860771,0.009705793145283591,0.7779823325591135,0.24624254988338948,0.8357168710701088,0.13947459384721742,0.29985791785068455,0.6558266449226703,,,,,,,,,,,
frankfurt_000001_005703_leftImg8bit.jpg,0.008699198998572404,,,0.663537625391372,0.46856075072289816,0.280837113216868,,0.004739644202051681,0.2945375431530495,0.0037073652990608007,0.7829601180401857,0.15837837837837837,0.706859665892849,0.01518257882196487,0.368388421212163,0.5413533834586466,0.20565429218417622,0.02823460922718673,0.15938714841070203,,,,,,,,
frankfurt_000001_005410_leftImg8bit.jpg,0.008609895803350412,0.0017336745645174605,,0.3139119065554892,0.7262877032146614,0.17714049423428016,0.21667649486967802,,0.35895262460315014,0.5634568852915355,0.6798728989177988,,0.6410812157448929,0.6762793643696791,0.7725085359426201,,0.5486267870579383,,0.506353656299945,0.0010981331736048716,,,,,,,
frankfurt_000001_005184_leftImg8bit.jpg,0.008609039679880746,0.003913112921258585,,0.6338657473983546,0.5822398726308351,0.32674432081594806,0.6656836582172299,0.0001348799568384138,0.3660766478827133,0.5953210838102615,0.8400177856825256,,0.8744979373251625,0.374989727434598,0.6603836253425226,,0.11856941508104299,0.005185825410544511,0.3861149791127909,,,,,,,,
frankfurt_000001_004859_leftImg8bit.jpg,0.010003753798629026,0.0016600790513833991,,0.45726331001341713,0.3985153296354555,0.18707921117813622,0.0013379034415973293,0.00042949176807444524,0.5497505868544601,0.3334027922483851,0.8550535646048725,0.5905032630019618,0.7991987818879109,0.2705004389815628,0.3590972329571804,,,0.20104166666666667,0.039858906525573196,0.032312352743184114,,,,,,,
frankfurt_000001_004736_leftImg8bit.jpg,0.006574809267632107,0.0006379294632279231,,0.41587009072035946,0.3984430923407301,0.23316416413412946,0.4289574740435215,0.0011541929666366096,0.35580393213035283,0.0873149543480188,0.8002917894090218,0.6932205252170092,0.7409638554216867,0.24565790362911402,0.8389814984429382,,0.24398386423702878,0.013379073756432247,0.0,0.45266387688430165,,,,,,,
frankfurt_000001_004327_leftImg8bit.jpg,0.006702389162997153,0.0021794150731158607,,0.45238505068457874,0.17728918779099845,0.010062687248609587,0.08608511991279069,,0.29617408737782974,,0.8059526775061762,,0.7841408224510714,0.7552692125374307,,,0.37712928401764506,,,0.12799713914401095,,,,,,,
frankfurt_000001_003588_leftImg8bit.jpg,0.007988045682570178,0.00088984936121528,,0.31459446164375504,0.3068950067207647,0.2947435499982777,0.0004333694474539545,,0.23294606019186473,0.29147253988422983,0.5713345070926554,,,0.0007062146892655367,0.7261756138160632,,0.039260020554984586,0.21952612046817013,0.5868074501187123,0.012006289008528277,,,,,,,
frankfurt_000001_003056_leftImg8bit.jpg,0.003963137859218968,,,0.602592630987654,0.5823661168804725,0.3607580799251652,0.16377788187813053,,0.3083248705818245,0.32375663930468374,0.4719075312239297,0.3221291554552556,0.8271288924720347,,0.4742268041237113,0.0028378215191402004,0.038002354128131834,,,0.0007869884575026233,0.4221597916952172,,,,,,
frankfurt_000001_002759_leftImg8bit.jpg,0.006577372098591651,0.0011668611435239206,,0.41171802620407383,0.3939948927757489,0.4862963124639517,0.4387946911728407,,0.46942896238694387,0.0,0.5854394372995897,0.009142053445850914,0.8806513058245743,0.31438698651813407,0.8354682560590094,,0.05561762277165201,,0.0,,,,,,,,
frankfurt_000001_002646_leftImg8bit.jpg,0.003970243920996296,,,0.3750488145670092,0.14227818787089302,0.4362933995154114,,,0.417017309908207,0.4378974482814135,0.5698810711909514,0.7925636554445805,0.8233449908994749,0.4385837297998663,0.8417719185028119,0.0046659597030752915,0.2766902846163084,0.14023277042446372,0.510525470030532,0.004761904761904762,,,,,,,
frankfurt_000001_002512_leftImg8bit.jpg,0.007695051470789984,,0.013424592373351656,0.5648700167353619,0.022459704647544113,0.3585383881236177,,,0.19822554706275636,0.0627819962583911,0.4967765296029391,0.5614857395533938,,0.038475319019926686,0.5694357952422469,,0.0,0.024468145782239208,0.0,,,,,,,,
frankfurt_000001_001464_leftImg8bit.jpg,0.011275846020876272,,,0.5221315760917816,0.2990384845368222,0.3333663907345938,,,0.418434834655095,0.26756440281030447,0.2508676723288937,,,0.0,0.018397469688982603,0.053478907151575016,0.11412565026010404,0.028253681995792004,0.7274763135228252,,,0.0025280898876404493,,,,,
frankfurt_000001_000538_leftImg8bit.jpg,0.0037621928209585014,,,0.7683160204897179,0.3882239238718311,0.49076209717258507,0.0014889313406000674,,0.43882399355048973,0.4275538287194431,0.6308347183983151,,,0.47436683006535946,0.8029160017408966,,0.05283331606754377,0.5919614885000382,0.6128932410377624,0.007065454689794784,,,,,,,
frankfurt_000000_022797_leftImg8bit.jpg,0.022346131255989367,,,0.5198944706713888,0.2791526007578367,0.3643232977687548,0.0585720342975596,,0.514505607690547,0.4819032126880846,0.7016497609005659,,0.671827177369031,0.5106278049021058,0.8485853289877663,,0.17837678597731624,0.08326235093696763,,0.09894722634633554,,,0.35208930457082516,,,,
frankfurt_000000_022254_leftImg8bit.jpg,0.003176271500152038,,0.004286497532771769,0.33430561810437603,0.40432437024765305,0.3948477623142508,,,0.49435960766618375,0.28821345707656615,0.7421839335324577,,0.5732037333627878,0.2582590815627142,0.678360511238431,,0.3597352202693449,0.36390152435848466,0.7256975273764361,,,,0.4580377574370709,,,,
frankfurt_000000_021879_leftImg8bit.jpg,0.003476056107635055,,0.02289749625508239,0.7750990778038612,0.056731617352257235,0.3335917475159711,0.005514626062035925,,0.3318101933216169,0.14983231967259705,0.2319019077917286,,0.815438097495457,0.009130103981739792,0.7903227823563987,,0.11596049697355845,0.05334538878842676,0.012430939226519336,,,,0.22651448639157157,,,,
frankfurt_000000_021667_leftImg8bit.jpg,0.01172359716502105,,,0.885961992999094,0.7682570036218793,0.7894893737919871,,,0.3519731132745318,0.0,0.6366310999529264,,0.8870713194218292,0.005083179297597043,0.8244556351514292,,0.0,0.000980392156862745,0.000277264325323475,,,,0.4897435897435897,,,,
frankfurt_000000_020880_leftImg8bit.jpg,0.0028407844076046842,,,0.3701046115138875,0.0008421229920629908,0.3610048682734175,0.002432741843159702,,0.06613044661485894,0.4344866414167264,0.6954297585042846,,0.819863373620599,0.018505180342401242,0.6001538116448233,,0.0,0.21504510309278352,0.00017155601303825698,,,,0.21371308016877638,0.022916471798709193,,,
frankfurt_000000_020321_leftImg8bit.jpg,0.011208510577247262,0.0010765711209796797,,0.6740906590274921,0.4376531054967794,0.48149012397801977,,,0.31547250022141526,0.10816198667198268,0.7566271409749671,0.003181167488468268,0.7708584585023572,0.6766612185087076,0.698447331033083,,0.061083260680034876,,0.3494132985658409,,,,,,,,
frankfurt_000000_020215_leftImg8bit.jpg,0.005107515495503127,,,0.5113526842576746,0.6815255264353886,0.28443864890618176,,,0.4605411788868351,0.0,0.8426886146848876,0.0033931168201648087,0.8129850127362123,0.49942428035043807,0.6132105885302862,,0.0,0.30833415136939235,0.33668538592137914,0.2685743423617985,,,,,,,
frankfurt_000000_019607_leftImg8bit.jpg,0.007576685128234675,0.0016041555266977313,,0.6908034433285509,0.16745621972640656,0.49281588172980695,,,0.32312735034048173,0.5589971576415713,0.7706805052802426,0.0025353132922854038,0.8367706619045951,0.5895874513804756,0.7681721947776994,,0.5208802200550138,,0.24725274725274726,,,,0.4298745724059293,,,,
frankfurt_000000_018797_leftImg8bit.jpg,0.003707975247095006,,,0.5182977793818742,0.09622782912815389,0.3382895018536614,,,0.5445943354005498,0.192949323260938,0.8764180557868977,0.003995901639344262,0.8137372260934213,,0.8704394541025726,,0.003973509933774834,0.25828708564571773,0.4544967880085653,0.0,,0.3950308338546787,,,,,
frankfurt_000000_017476_leftImg8bit.jpg,0.014632347619917361,,0.013578263979808068,0.6939730522640439,0.010683372677198717,0.06012213030221505,,,0.410639516946538,0.026646675980509082,0.4920170303352847,,0.7793359934916515,0.1400562851782364,0.8142778491466324,0.2180365296803653,0.07557334154225027,0.4519837785860613,0.2944010632995514,,,,0.5058021372844687,,,,
frankfurt_000000_017228_leftImg8bit.jpg,0.015370472639461057,,0.008388969909420532,0.8252822919028249,0.007737160798385288,0.09812185066422355,,,0.46110428633088746,0.5229746596615483,0.714051802970762,,0.7582586402598928,0.018204095921582356,0.6228328426561989,,0.08737244897959184,0.2215110833593506,0.0,0.012036153881091884,,,0.32098312545854735,,,,
frankfurt_000000_016286_leftImg8bit.jpg,0.016438258778973765,,0.005157521495154956,0.567827117384323,0.06659555886437499,0.13879667327835196,0.0007506046537488532,,0.5132431609620319,0.6332925710791807,0.4527049836068606,0.024304721648494163,0.7877119065786418,,0.7139172404631701,,0.008449669360764144,0.09916257710143622,0.7943052174977223,0.00028494538546778534,,,0.0,,,,
frankfurt_000000_016005_leftImg8bit.jpg,0.011418220850664162,0.0008412787436904094,,0.6351179631861197,0.7151242907322345,0.25590723401951243,0.0015384615384615385,,0.6059690054495913,0.004655060050274649,0.5514149929915387,0.026501604768454836,0.8168433875918668,,0.8161779408824118,,0.0031966904851447914,0.0012594458438287153,0.45420519594892117,0.004536388878025889,,,,,,,
frankfurt_000000_015676_leftImg8bit.jpg,0.0068787492116572065,0.0,,0.4079086563416069,0.0881965425592331,0.30025255601597883,0.2441683933123908,,0.48118888317035513,0.5249369482976041,0.7840966192862792,,0.7168825379528964,0.020324478516669638,0.7698303239749951,,0.05737122557726465,,0.4909173478655767,0.026422764227642278,,,,,,,
frankfurt_000000_015389_leftImg8bit.jpg,0.013387087509692983,,,0.7428558740591069,0.21825289909659257,0.45765733950069837,,,0.4313345214383059,0.005240403511070352,0.7655532336240003,,0.6452606327800829,0.2518628912071535,0.8446944628281491,,,0.0249003984063745,0.0,0.004685802948021722,,,0.2265426880811496,,,,
frankfurt_000000_014480_leftImg8bit.jpg,0.010057653097096253,,0.012678951485274589,0.538743599730215,0.46687182012145084,0.3901692348105051,,,0.27350297120219413,0.0712147134302823,0.8183699269710814,,0.5881468197726549,0.827303628949257,0.7739577413855453,,0.19049704401138604,,,0.05264915670698252,,,,,,,
frankfurt_000000_013942_leftImg8bit.jpg,0.007538333555854533,,,0.5096796982887908,0.6851826852804401,0.48317318943785814,0.4936420855660458,,0.35835835835835833,0.4039317123642007,0.8014861059274591,,0.7020283533260633,,0.8372819523649782,,0.28135189365437674,0.28578541199900426,0.4021496854722869,0.10309278350515463,,,0.0,,,,
frankfurt_000000_013382_leftImg8bit.jpg,0.007736609336609337,0.0,,0.2206956672391248,0.2807887732881684,0.42999906557566814,4.186377527525432e-05,,0.3279283791397984,0.6085062569301442,0.33400003007654483,,0.5751377603437003,0.29442350188483035,0.5370551858031621,0.7886451097006347,0.0,,0.008252063015753939,,,,,,,,
frankfurt_000000_013240_leftImg8bit.jpg,0.01801430684858884,0.00024078979051288225,0.008059516429014259,0.4258034189453462,0.6446403532805777,0.5691943058978788,0.12160617737988835,,0.17333333333333334,0.4385134708814436,0.637609311491563,,,0.6964140941690053,0.8312769640845264,,0.45597014925373136,,0.4179910135400018,0.21570261927400133,,,,,,,
frankfurt_000000_013067_leftImg8bit.jpg,0.009828374173473356,,0.00725418372477196,0.6924014932575208,0.4726338480048125,0.3729305647911796,0.3210744617815524,,0.49133963343228304,0.2087333092746301,0.7828434017132255,,,0.5607065782111742,0.6913072625698324,0.0011590171534538712,0.2776659959758551,0.02541942043721403,0.29009433962264153,0.06889652840396754,,,,,,,
frankfurt_000000_012868_leftImg8bit.jpg,0.015617357052750818,0.00039004602543100085,,0.6417227769555217,0.1122952871479394,0.42571678873309254,0.01881833281617902,,0.3232602937635444,0.03838849701573521,0.8132417655687425,,0.1791453398404952,0.46710786881475896,0.6934591946670258,0.5436066126855601,0.3592181252776544,,0.5649404597064525,,,,0.0400360646587811,,,,
frankfurt_000000_012121_leftImg8bit.jpg,0.005024092241908092,0.0,0.006713729485826571,0.28935479951589055,0.002178649237472767,0.33963227827367004,0.00025776886724903335,,0.6380212943526972,0.0011993283761093788,0.5566360716394679,0.0026592429467735905,0.5101766981493744,0.11079923179199291,0.6926939836254568,,0.04091971940763835,,,0.0012399590274408325,0.002670736360167875,0.7069864868734889,,,,,
frankfurt_000000_012009_leftImg8bit.jpg,0.0064597693801959595,0.0,0.002630734680782804,0.26297723030210707,0.20116965117482663,0.3918980071078903,0.31139485343126366,,0.3607454863133372,0.32030159173415246,0.7713504876868181,,0.5539991796554553,0.1836964386204679,0.1757609841827768,,,,,,,0.0010316301703163016,,,,,
frankfurt_000000_011810_leftImg8bit.jpg,0.00866103130153165,,0.023927079377136347,0.532203732553918,0.28741802841868475,0.18957240114559287,0.30910668308518974,,0.3268069016471815,0.32769317540891146,0.8426915111084184,,0.7914602420540663,0.41312418300653597,0.8864342058986082,,0.3085195363842753,0.0,0.0009159905783826224,0.058069299374168645,0.1297236514805602,,0.20976215493361353,,,,
frankfurt_000000_011461_leftImg8bit.jpg,0.013785940717354629,,,0.6215903201065113,0.7430390012533484,0.157733809550806,,,0.513672653407557,0.7101967544771973,0.8402028529712802,0.16817784001400315,,0.4907077724706904,0.7357920084007749,0.1198044009779951,,,,0.00030001548467017654,,,,,,,
frankfurt_000000_011074_leftImg8bit.jpg,0.008383771861051003,,,0.7397349630828076,0.7875581776778371,0.43849634220313993,0.2285851780558229,,0.48448665762098597,0.02492324363373668,0.5524386883438964,0.0025286909161641702,0.06570877869283337,0.8114650663224514,,0.0,0.025193798449612403,,,0.040847183199199964,,,0.0,,,,
frankfurt_000000_011007_leftImg8bit.jpg,0.011497847160416616,,,0.37687779072750766,0.6412912283104631,0.46967431770879137,0.25532080564784054,,0.4598645896089738,0.2625041800028663,0.5684803995094363,0.0032551815072726525,0.7565791032048701,0.1514386673397274,0.5967078189300411,,0.17700061087354918,,,0.17806842918007776,,0.42258433775503335,,0.003964714044999504,,,
frankfurt_000000_010763_leftImg8bit.jpg,0.005923820106354578,0.0006452802359882006,,0.43168059814461207,0.25306107365464686,0.27492960943325506,0.0006815534461820616,,0.36549914202079337,0.057152013673752805,0.4630305021925808,3.9856516540454363e-05,0.8614594002754918,,0.6220276696930394,,0.00028042624789680314,0.03975993998499625,0.0,0.0,,0.7827646374563785,0.2521631644004944,,,,
frankfurt_000000_010351_leftImg8bit.jpg,0.0167657885130202,0.00022768670309653916,,0.40739102998683985,0.0010155843841810643,0.07806731424065379,,,0.23676470588235293,0.2868887238782221,0.7637622477050042,,0.07080450482298874,,0.47404251377761314,,0.032532532532532535,,,0.0003444316877152698,,0.2079455830929835,,,,,
frankfurt_000000_009969_leftImg8bit.jpg,0.0065819143145945105,0.0006022023399862354,0.023291115222238035,0.2777831827440002,0.6307208659313096,0.26891137572773816,0.39000479673821803,,0.44584667545677154,0.12925775292323335,0.8502735154372951,,0.7324972026114327,0.5125826746249396,0.8663278218544402,,,0.31103801169590645,0.573187414500684,0.004867660480681472,,0.009708737864077669,,,,,
frankfurt_000000_009688_leftImg8bit.jpg,0.004657380486550108,,0.005641925777331996,0.42477607478004076,0.5337938993200674,0.21731827828837885,0.5485594424726974,,0.5070773460489293,,0.7041898900342164,,0.8583012135308791,0.1350301146298815,,,,0.15141259564449677,0.3123058542413381,,,,,,,,
frankfurt_000000_009561_leftImg8bit.jpg,0.009842424242424243,,0.012106800944921049,0.5214561211924069,0.21465386463643302,0.32811100647665903,0.1270092023845628,,0.5524464653530761,0.47835230084116775,0.6882452824143787,,0.8373162573164081,0.5283360283360283,0.7380367891851901,,0.6155860230410359,0.0,0.0,0.013513513513513514,,,0.253125,,,,
frankfurt_000000_009291_leftImg8bit.jpg,0.006458123769237574,,,0.8178927630840896,0.26248728518657316,0.3793330178712915,6.965728615213152e-05,,0.5476887173503276,0.2897352424303535,0.541775331352865,0.0,0.7061094819159335,0.289272632129775,0.5592516562470841,,,,,0.02478897988640999,,,,,,,
frankfurt_000000_008451_leftImg8bit.jpg,0.01583962912087912,0.0009121313469139556,,0.7432794911471131,0.32015686077349453,0.4098736068248383,,,0.26761229314420804,0.04226961157654227,0.652759904600127,0.00012449165905884305,0.7862359830212415,0.2133427390910007,0.4046590427784837,,0.15157198014340872,0.44803264354415623,0.7218729919257956,0.005307802133198958,,,,,,,
frankfurt_000000_008206_leftImg8bit.jpg,0.02974277983243198,,,0.44074429904704154,0.11954839297095511,0.22083054427593518,,,0.3644538188277087,0.09671908537386657,0.7784843260156407,0.05246372364210249,0.7496511779644854,0.23301079478718048,0.7609637430018662,,0.2810167804966303,,0.31098021446911345,,,,,,,,
frankfurt_000000_007365_leftImg8bit.jpg,0.0076262991524528485,,,0.9047604408216804,0.6342757648619517,0.4806653709166609,,,0.3118883421442552,0.005706134094151213,0.6585313592944332,0.5385692273827867,0.6887058633847477,0.0,0.3463031045751634,0.5829021093336039,,,,,,,,,,,
frankfurt_000000_006589_leftImg8bit.jpg,0.008760605306897545,,,0.838964902211278,0.3002292299114057,0.454403628484725,,,0.43940198159943383,0.01178023763582817,0.6298552682084745,0.5333171795493095,0.6075151857607006,,0.7701344156085936,,0.0014852535539995756,,,,0.5743638752837176,0.017327924087189712,,,0.0005974225484338994,,
frankfurt_000000_005898_leftImg8bit.jpg,0.008489691089391453,,0.008282526170481997,0.6386101537119462,0.7554865265811853,0.021261396468869966,,,0.31332450814808055,0.13184444252824007,0.8434127360125719,0.301349783179625,0.47860468380787496,0.28850877192982455,0.8555260020177933,0.7222256626207579,0.10437293729372937,0.2432806020580556,,,,0.5695493733890321,0.032046178343949044,,,,
frankfurt_000000_005543_leftImg8bit.jpg,0.010945182973245435,0.001016002032004064,,0.6600534299576245,0.3229100031357792,0.23485482521084144,0.3379289513144978,,0.21181647384554533,0.07905241803546888,0.8042034866775352,0.6151672209577544,0.6779754633809549,0.07076695072248981,0.8522921974403671,,,,,0.0008426478970978215,0.7117720391807658,,,0.022475415193558928,0.005820847256656246,,
frankfurt_000000_004617_leftImg8bit.jpg,0.011033736413682774,,0.0009358210576449061,0.44383429194763985,0.6048260354457313,0.1242229521139915,0.08500344422383403,,0.5005877742946708,,0.6169005771248688,0.02181853133410227,0.7781857631644831,,0.7678196809289164,,0.0,,,,,,,0.03146230092437911,0.0,,
frankfurt_000000_003920_leftImg8bit.jpg,0.014569502303740451,0.0033250207813798837,,0.5754135505787175,0.32647404102053484,0.3914895522631109,,,0.3418324544582934,0.46374223917542506,0.8006144427314974,0.0020847810979847115,0.4525915468610447,0.10876954452753229,0.8527528134306723,0.8835002569662935,0.2884970945589012,,,,,,,,,,
frankfurt_000000_003357_leftImg8bit.jpg,0.009325522379296623,,,0.3417338315398074,0.4307264187768362,0.24635404399932426,,,0.27605042016806725,0.26726268352958277,0.5008828973971865,,0.8567097833814072,,0.79827036400241,,0.41428835603772424,,0.4910329626289951,,0.876004732955241,,,,,,
frankfurt_000000_003025_leftImg8bit.jpg,0.013557518002960301,,,0.23390579870599143,0.3737418984559822,0.2241112088890553,,,0.31470907460714453,0.1631083844580777,0.47936093264934443,,0.8566450581344827,0.004214328717639976,0.7967094872841954,,0.32113512393841054,,0.46139527957709775,,,0.5409860137293051,,,,,
frankfurt_000000_002963_leftImg8bit.jpg,0.006930397070985126,,,0.3594843207938446,0.06272981320782468,0.21186979778755385,0.000981474665685192,,0.20296049671555835,0.28278471433976543,0.45582194455290903,,0.8747994350553896,,0.8605654653239244,,0.23759435713401808,,0.18388335611534207,,,0.004561251086012163,0.02544851794071763,,,,
frankfurt_000000_002196_leftImg8bit.jpg,0.014929616992363481,0.00047824007651841227,,0.28885755346948955,0.4416625487289299,0.4641801972319724,,,0.3179090334807328,0.25516578567996157,0.0005182242183451373,,0.897815920066294,0.4963261239569928,0.7480589384546954,,0.1912345966054406,,,,,,,,,,
frankfurt_000000_001751_leftImg8bit.jpg,0.006866073915694851,0.0,,0.49515753906659415,0.18237173264618153,0.3483689729623153,,,0.17471729722183443,0.2593287471336252,0.8929897339199665,,0.8761381301354653,0.0027079303675048355,0.8074897339760757,,0.01800327332242226,0.28074970714564623,0.36664584634603375,,,0.0033124274881038453,,,,,
frankfurt_000000_001236_leftImg8bit.jpg,0.0065011888658951566,0.0,,0.5595644577832873,0.2448936170212766,0.06589670624740467,0.18479801984956623,,0.23842779637538958,0.08121289228159458,0.488920886472177,0.004181476061049551,0.8356794495343474,0.28544726301735646,0.8648490730470607,,0.0966663949792159,0.005319148936170213,0.03206106870229008,,,,,,,,
frankfurt_000000_001016_leftImg8bit.jpg,0.01030758355389699,,,0.20893730589662196,0.3032001446393057,0.4880709579965406,,,0.14720369420215496,0.6233898837574615,0.45834343189529814,,,0.6369132588798387,0.6489045490482273,,,0.6294553309674433,0.38119249823071477,,,,,,,,
frankfurt_000000_000576_leftImg8bit.jpg,0.006148625834233048,,,0.3204359403195282,0.5940083668735254,0.437060167274603,0.24397456421202418,,0.3759095725891911,0.30873915943962643,0.776081164724562,,0.7842555080748099,,0.8240578328281056,,,0.2851380701210053,0.4996923076923077,,,,,0.023672545505988872,,,
frankfurt_000000_000294_leftImg8bit.jpg,0.010082232355119061,,,0.49678216955005183,0.30172340893331306,0.597790334954689,0.0006918413041837531,,0.45701613131056307,0.32612781954887216,0.8287537351996226,,0.7956804371378774,0.4873210864420151,0.8137294156734791,,,,,,,,,,,,
frankfurt_000001_011835_leftImg8bit.jpg,0.02015560753773955,0.0007175316909830184,,0.8301487648423639,0.8363999317074452,0.6704959866126258,,,0.29318353249434276,0.4821923887717741,0.40798694769592686,,0.47659327177632854,0.8355748519737347,0.06327060350421804,,,,0.7755271631868702,0.01625795962606693,,,,,,,
frankfurt_000001_011715_leftImg8bit.jpg,0.030053347100326967,,,0.8410993964799932,0.6991782354211543,0.6701282646600264,,,0.35211624139327663,0.76757279170374,0.587648285697798,,0.42265042719505547,0.7434840190238227,0.1345543697721373,,,0.28217633645806944,0.6587858237725858,0.003493756718762921,,,,,,,
frankfurt_000001_011162_leftImg8bit.jpg,0.016198463401731023,0.0005563228974831185,,0.8061242113604731,0.17103939368460117,0.4945265465405042,,,0.414844424871695,0.5245306375077368,0.7612074381572534,,0.4916041820678002,0.6509459902961708,0.024710712952594253,,,0.0,0.44136291600633915,,,,,,,,
frankfurt_000001_010830_leftImg8bit.jpg,0.01963981578364507,,0.011248771585006317,0.7176568910499924,0.15983683362276832,0.5019575662524014,,,0.4901333333333333,0.4749819112817944,0.5775649347857862,,0.31582005312084993,0.6222920511413703,0.7189057329866115,,,,0.02209443099273608,,,,,0.009526825535059246,,,
frankfurt_000001_010600_leftImg8bit.jpg,0.00853129282777524,0.0009073701875231721,0.01261216896476253,0.8515726138168089,0.45630994808580533,0.535747802138129,0.0,,0.3074369852757674,0.5237739606671645,0.8824511040163121,,0.0011999040076793857,0.4194360853068167,0.8875336864603661,0.013737033922063359,,0.05790069545528061,0.12687224669603525,,,,,,,,
frankfurt_000001_010444_leftImg8bit.jpg,0.015619924810821067,,0.017935716381008257,0.16769011293715427,0.6193962500460456,0.18033292457269073,,,0.47911544336946243,0.6785953177257525,0.8313842697207898,,,0.5724411603721948,0.457641477465266,,,0.02086160108548168,0.2956127936597792,,,,0.33724653148345785,,,,
frankfurt_000001_010156_leftImg8bit.jpg,0.009095134512056817,0.00038720240729268077,,0.4386671078919534,0.22845828694070644,0.36069490128222914,,,0.3598745038385663,0.40578585105832427,0.7496242718029705,,0.050442017680707225,0.5914718260976531,0.7155913978494624,,,0.00967741935483871,0.6465895249695494,0.17003333577168653,,,0.006906474820143885,,,,
frankfurt_000001_009854_leftImg8bit.jpg,0.007172520613447677,0.0,,0.6349509025365531,0.4892884253141781,0.5550363668154239,,,0.5263588573695696,0.10723114956736712,0.7708646052236565,,0.6733337398621867,0.03360340708424223,0.8402689907161238,,0.3807208916291202,0.2230641723892967,0.16686251468860164,,,,,,,,
frankfurt_000001_009504_leftImg8bit.jpg,0.008613723843376707,,,0.43635402621465197,0.3004985435805512,0.5560679398046291,,,0.38272690382794533,0.3268477409245234,0.3919514711860167,,0.6535256842389107,0.5353627237581625,0.29759519038076154,0.8615813582951604,0.15903614457831325,0.3740930177233258,0.5848431202681834,,,,,,,,
frankfurt_000001_009058_leftImg8bit.jpg,0.0040720033610186475,,0.010734929810074319,0.4193766837426291,0.23985185185185184,0.5337033064006004,,,0.41892217492570877,0.34902063888523727,0.5458184624288608,,0.5626564847270906,0.5401641068798654,0.9110395304910955,0.8174604605868244,0.03576341127922971,,0.6315199102636007,,,,,,,,
frankfurt_000001_008688_leftImg8bit.jpg,0.012253656332938054,,0.015724416290607394,0.6601708558371416,0.14556180151882248,0.4895832314956935,0.6329004242774336,,0.5452476030634489,0.4563031709203403,0.7264279827027516,,0.6972895178699928,0.5038068305416576,0.7169641020953774,,0.30371514511015363,,,0.00317181805911729,,,,,,,
frankfurt_000001_012038_leftImg8bit.jpg,0.011936671934722523,0.0011134339211052535,,0.7933344592692676,0.6756601361034592,0.5125132587811013,,,0.6082285685053267,0.45230977494500535,0.43489251646626703,,0.4947222436243162,0.5873155209304878,0.004173827645470169,,,0.18819157720891824,0.48952181367879594,0.006174633154147901,,0.6646181798749532,0.0015920398009950248,,,,
frankfurt_000001_007285_leftImg8bit.jpg,0.008243514710833847,0.0010514362619338015,,0.5570522635762871,0.62017636843411,0.3878933225609335,0.6293488329115122,,0.38495661393980046,0.10627167794393585,0.4597757893654222,,0.8522679634442861,0.5154064685314685,0.37499201580134334,,0.16394485683987275,0.014248927038626609,,0.029036424696460863,,,,,,,
frankfurt_000001_007407_leftImg8bit.jpg,0.00791594344430861,0.0006530505624397968,,0.7412204493934186,0.6181921419874497,0.5808277242024378,,,0.5058689015119263,0.19028761984160067,0.7712704028850239,0.22153998703329392,,0.3755286428296809,0.5231647161234162,,0.49065776124450455,0.457051044370288,0.6523235800344234,0.12835064530946702,,,,,,,
frankfurt_000001_007622_leftImg8bit.jpg,0.010431488613582753,0.0015406963947704362,,0.5572602214270326,0.19222745176580547,0.4030254535084642,0.1436769075593599,,0.3211398077989281,0.6798132957715359,0.7897227417822646,0.25796303578450647,,0.5313987409795793,0.8455565142364107,,,,0.04815551137618732,,,,,,,,
frankfurt_000001_007857_leftImg8bit.jpg,0.014605609183818088,0.002188525871502267,,0.8151778227321475,0.5867798506234988,0.6318157445560038,0.6411656903491835,,0.1360819908229226,0.357659957316818,0.5984311440563665,,,0.6888258769166141,0.7510682255716767,,0.10737278172759335,0.015380464112250405,0.3097095254438239,,,,,,,,
frankfurt_000001_007973_leftImg8bit.jpg,0.014568117841452373,0.00387436718669284,,0.3754017396928923,0.11034792968465074,0.3869807898946386,0.003655106440697326,,0.48401872235661225,0.4817621480136784,0.588087257918759,,0.14396528157463095,0.5316111837215858,0.26413498711340205,,0.33688930847297616,0.16959568733153638,0.29463888146762846,0.0012228336390417431,,,,,,,
frankfurt_000001_008200_leftImg8bit.jpg,0.0017444641400073155,,,0.33956422071031195,0.05480859010270775,0.43036044494151493,,,0.2230871616988666,0.006388415672913117,0.6514649753030983,0.00100150225338007,0.875043518625972,0.27734462018266876,0.8348477631627157,0.25473507148864594,0.16651162790697674,,,,,,,,,,
frankfurt_000001_012519_leftImg8bit.jpg,0.003226338141278542,0.0004892101973147795,,0.22006565219287044,0.29379256065427917,0.37837303642797554,0.0027353273473271094,,0.4086246878344631,0.48768559981145415,0.6052732871439569,0.0020300869293633857,0.3095437883672658,0.5751022022946064,0.44636545924034565,,,0.20514426302840527,0.5861938890984534,,,,,,,,
frankfurt_000001_012699_leftImg8bit.jpg,0.003889489118691156,0.0007987794649775144,,0.17492433951809705,0.04706732158335741,0.2949906366100846,0.29048823445083866,,0.16728658260001814,0.31924341710472626,0.04637708649468892,,0.6716442753537035,0.6517454980265938,,,,0.04623383923552558,0.12022630834512023,,,,,,,,
frankfurt_000001_012738_leftImg8bit.jpg,0.0024023292630273776,0.0001618306280646675,0.003914851969659897,0.1176522286487963,0.051842605337509125,0.23170787244593322,0.05804907116050054,,0.29814715838232675,0.7278754469606674,0.48931962025316456,,0.4564963100023395,0.7454887479969344,0.11092985318107668,,,0.02486627150498771,0.15431472081218275,,,,,,,,
frankfurt_000001_012870_leftImg8bit.jpg,0.010970936027440209,0.0,0.009240835047721831,0.31433451974602056,0.17119358074222668,0.48861789256912896,,,0.2859111653336948,0.43710516536603494,0.3030837941301574,,0.7324646095218609,0.6921858020032012,0.32114847800079754,,,0.006315987933634993,0.7566184463583912,,,,,,,,
frankfurt_000001_013016_leftImg8bit.jpg,0.010600007467423365,0.0010680337498664959,0.009268924053275437,0.4797165250967534,0.5160916934165464,0.5556595657123735,,,0.31992498221561144,0.47160974582960585,0.5877806194941745,,0.6977520082923037,0.634483394502015,0.503649392873731,,,0.010770865533230294,0.6814888337468983,0.0008890074232119838,,,,,,,
frankfurt_000001_013496_leftImg8bit.jpg,0.005601388290449969,,0.0011159157483609987,0.7674010518676119,0.14591702646893184,0.476059269970217,,,0.30191393295241137,0.35487912393856436,0.4334708704522444,,0.4011160347940259,0.21355731392544325,0.4516251241654924,,0.0,0.012460298069875397,0.2734375,0.0025808410505541216,,,,0.02066227778188722,,,
frankfurt_000001_013710_leftImg8bit.jpg,0.01163195028659241,0.0007381435689241557,,0.715820082057684,0.2625956568096851,0.47434199305432073,,,0.38490070641188606,0.23576907549454987,0.31269550698544574,0.0,0.6134117988956699,0.36092783082660546,0.4611363090444096,,0.2194616977225673,0.0696638896868716,0.04615886478551623,0.0012993019005043053,,,,,,,
frankfurt_000001_014221_leftImg8bit.jpg,0.002816576501492004,0.0006466910972192282,,0.702000193255387,0.20750828043765832,0.465447505790438,,,0.252112982720057,0.17806859765552316,0.3906748648386342,,0.5581978727674092,0.14073004557144791,0.9036242723349117,,,,0.596601777877799,,,,0.08807339449541285,0.007618798272025135,,,
frankfurt_000001_014406_leftImg8bit.jpg,0.0037621624723396777,0.0016340449717594401,,0.6362619555366895,0.6541690502326876,0.48173792422443484,,,0.4180177475313584,0.3711017222242114,0.5666339405839788,,0.002298095863427446,0.34932232968538485,0.6460967181094249,,,,0.38076787601268053,,,,0.5142578005739757,0.010131149816112692,,,
frankfurt_000001_014565_leftImg8bit.jpg,0.006558335937437401,0.0003101256008683517,,0.3345131463555273,0.01958237877748756,0.4051097700192903,,,0.047599180763103995,0.4297560975609756,0.2965779467680608,,0.744767178629889,0.2941649437169768,0.8916591767032177,,0.0,0.1255802589787442,0.02459856508370345,,0.8847774633164158,0.0067098293113596235,0.0005366246310705661,0.0010684187973146694,,,
frankfurt_000001_014741_leftImg8bit.jpg,0.004071729475664846,0.0010986998718183483,0.0014036182158452901,0.34989618614578016,0.3392155891133878,0.4381955678211276,,,0.44289123335845265,0.46370613616403833,0.6623029615476475,,0.805457945706424,0.5661507537688443,0.6281951110615024,,0.24328517405216718,0.29674704276615105,0.48731947868967945,,,,0.0,0.0004968624059181833,,,
frankfurt_000001_015091_leftImg8bit.jpg,0.020252431420039563,0.0017959770114942528,,0.5381505747458956,0.35497046067684324,0.5533584655143798,,,0.43383530919577057,0.5712206658177188,0.5056999845648387,,0.8074264705882352,0.4170380960390211,0.9215518796992481,,,,,,,,,0.0076517042432178075,,,
frankfurt_000001_015328_leftImg8bit.jpg,0.0024243233898091974,0.0,,0.19899149758569729,0.005994005994005994,0.3919685203523219,,,0.12417391304347826,0.6927464936152397,0.6539007715168285,,0.8183471727955713,0.0,0.4455045936971623,,,0.08032911118328462,0.3311421528348398,0.006918489065606362,,,,0.006153725551679536,,,
frankfurt_000001_015768_leftImg8bit.jpg,0.006644980222401926,0.0,,0.08524662381893404,0.1487754726951088,0.31284810272537583,0.010681873500469419,,0.5730491030175573,0.3774645204305172,0.7438122790099646,,0.29375322663913267,0.14982812733522644,0.7885423196025784,,,0.16627949627093777,0.15667618141452586,,,,,0.016177003989844032,,,
frankfurt_000001_016029_leftImg8bit.jpg,0.005075239111780833,0.001034566699123661,,0.13780403158401602,0.37268868855695203,0.33099254679697027,0.13128294602420373,,0.5454047679218264,0.04934166777497007,0.5968661160587974,,0.571086819284314,0.5512047666474463,0.0,,,,0.3758167588138149,0.012741580664688251,,,0.03687315634218289,,,,
frankfurt_000001_016273_leftImg8bit.jpg,0.01681358860107558,4.4206710578665844e-05,,0.6722826919371334,0.6778673037982191,0.43776738604544846,,,0.4293575585733473,0.22601855586930214,0.7959179573715824,0.10677726791387222,0.776862731177452,0.6861612810746611,0.8607371086371126,,0.0764315556647825,,0.0,,,,,,,,
frankfurt_000001_016462_leftImg8bit.jpg,0.011461468162265051,,0.0205670633171735,0.4345875310963239,0.034194794017074134,0.05025275052036872,0.19774216675249665,,0.2908294565970504,0.3278282855452149,0.295698474335725,0.2083181953297883,0.7727064109905193,0.6369805730124973,,,0.37546611098925203,0.17932366600860686,0.5156429110632706,,,,,,,,
frankfurt_000001_017101_leftImg8bit.jpg,0.007794620550680016,0.0030308432875735423,0.0024745269286754004,0.6458175998326924,0.7510227879123268,0.30260499928072276,0.6015727480492785,,0.3373967111183834,0.24788971579841168,0.7986468938446122,,0.8200654394129513,0.5895570297453456,0.7492956883880451,,0.26702849389416555,,,,,,,,,,
frankfurt_000001_017459_leftImg8bit.jpg,0.010711231522137503,0.0016032728881026095,,0.4386870035847332,0.7057031626333049,0.363064888671601,0.0007902243466193817,,0.4444649629955822,0.0002232475070695044,0.6485343260750971,0.0008371385083713851,,0.6559082521085419,0.44869125801994814,,0.502744000860863,,0.5846939332714465,0.01082266026858149,,,0.0,,,,
frankfurt_000001_017842_leftImg8bit.jpg,0.008516173543087526,0.000225022502250225,,0.4803700080740327,0.5904163374893822,0.09251087173902571,,0.0018958201679155006,0.46938500874714034,0.02376549551400589,0.7433546883845571,0.1356675664451827,0.8582045617491563,0.2437937409216955,0.7911548494190183,0.569683509161577,0.12581073113207547,0.01914191419141914,0.5545008645329758,0.010512898177596042,,,,0.005858987090367428,,,
frankfurt_000001_018113_leftImg8bit.jpg,0.008612578210314489,0.0003662709154092854,,0.6836080996645303,0.5172494497729329,0.14391792551029914,0.4620114455821593,,0.3612882249878077,0.43475063511164597,0.6021620343478685,0.3533422758774871,0.704678070087693,0.2788923424696242,0.8451679668842541,,0.0,0.1894980950803379,,,,0.6115177280098173,0.09424538545059717,,,,
frankfurt_000001_019698_leftImg8bit.jpg,0.0065651230676616575,,,0.6996718227330216,0.3693085015279493,0.4297391953525942,0.05176913567278868,,0.31800514465080965,0.005791126815861798,0.5712297055853336,0.0,0.7505063771877077,0.30639028578437383,0.4128503075871497,,0.0015483870967741935,,,,,,,,,,
frankfurt_000001_019854_leftImg8bit.jpg,0.00546454347577042,,0.013525618058043712,0.6342225744513283,0.4457090551113107,0.25521482777776455,0.0009252204201589202,,0.34645889433334803,0.6213289787715112,0.6656688797238358,0.006346005574995552,0.8544642720144845,0.5037349788892498,0.19891481447323928,,0.16459140760286964,0.003918495297805642,0.006211180124223602,0.007239057239057239,,,0.01098901098901099,,,,
frankfurt_000001_019969_leftImg8bit.jpg,0.007551176092160909,,,0.6499670685821232,0.6750542116083247,0.4054397272495402,0.32595020682119724,,0.28418110676355507,0.03008827551908492,0.33185300355040864,0.017174601932631744,0.8724760621139437,0.11885838150289017,0.48760469011725294,,0.0,0.37961567445365485,0.25128792215226103,,,,,,,,
frankfurt_000001_020046_leftImg8bit.jpg,0.005770645143040338,,0.005239917574330292,0.6269453110351574,0.5924575253131972,0.3057684725054361,0.3255975662755324,,0.47171114705485917,0.2459794858807142,0.3524717605119615,0.06062536189924725,0.8486110520873175,0.22405841660261339,0.791120218579235,,0.0,,,,,,,,,,
frankfurt_000001_020287_leftImg8bit.jpg,0.012572181212049054,,0.009569377990430622,0.6440569274585835,0.5956293994351863,0.318744305948777,0.0015543772991830885,,0.4416584335502334,0.5559466071505215,0.6929189057493668,,0.8296807737462962,0.2039501703577513,0.7768863419293218,,0.36782508630609895,,0.0,0.025821596244131457,,,0.020088626292466764,,,,
frankfurt_000001_020693_leftImg8bit.jpg,0.00744156756736001,,,0.8181785795451055,0.5237066013181327,0.17647821601132094,0.08045769889179205,,0.6635462033705738,0.0800294285947846,0.7504053055696168,0.00013624906328768988,0.7528829676205693,0.22388220120378333,0.7534175830852421,,0.0909509909356276,0.1982529434105583,0.3693467336683417,0.04098966026587888,,,,,,,
frankfurt_000001_021406_leftImg8bit.jpg,0.007035694327023658,,,0.8248310615246812,0.7914161629139146,0.41799333538934974,0.059840958256549955,,0.5911403526695409,0.2075118966689327,0.5391594311876962,,0.8451585131165805,0.7480072636911019,0.6255686779100225,,0.532919347598384,,,0.14970085348909745,,,,,,,
frankfurt_000001_021825_leftImg8bit.jpg,0.004907557941699119,,,0.5008852540769746,0.5970398316767032,0.30057364248621116,0.29261385791156513,,0.36381315390299873,0.21782465647377589,0.7752022207464175,0.02459993406203241,0.823541300994628,0.5783583382419182,0.1111709031053148,,0.13210274658067386,,,0.3392816878724432,,,0.5499092558983666,0.013822542941355829,,,
frankfurt_000001_023235_leftImg8bit.jpg,0.00620371907031145,0.0,,0.5544139096064921,0.4604127897140924,0.3964312550470958,,,0.6498124072943025,0.32445993767495906,0.6347911253571631,0.004319654427645789,,0.036762630539091165,0.004708994708994709,,0.47704648690441676,,,0.14245316873609418,,,,,,0.0017778831338153371,
frankfurt_000001_023369_leftImg8bit.jpg,0.02455673728712676,0.0015319455708750112,,0.3490777296572201,0.37867861042898876,0.3923228535497885,,,0.42179252396854466,0.05474791215589236,0.6410887892376682,,,0.5847813296724848,0.5924676784710512,,,,0.0,,,,,,,,
frankfurt_000001_023769_leftImg8bit.jpg,0.006901004147167926,,0.006529699601412878,0.7836153601303274,0.01566378498673286,0.42683294292585106,,,0.15687767172219946,0.12184420143107871,0.44568505051805135,0.28089517854204377,0.7466106828768984,0.5083858413639734,0.8216608879752079,,0.1434375,,,,,,,,,,
frankfurt_000001_024927_leftImg8bit.jpg,0.009053166576787548,,,0.359432360526738,0.23469753341601213,0.3330489949419012,,,0.4153888735123166,0.15242547321633843,0.8230084589922766,,0.8217758408087578,0.007494847292486416,0.912653844657424,,0.18973862536302033,,0.29361773037827027,0.0,,,0.2555970149253731,,,,
frankfurt_000001_025512_leftImg8bit.jpg,0.013092384289138854,0.00524638391762687,,0.649753499119547,0.34249636006199635,0.24903737824617447,0.00017205781142463867,,0.4062830860019092,0.19198556290777843,0.8252997447530467,0.0004095004095004095,0.7976403095740651,0.7357341980997895,0.20478683167418077,,0.19472239440361286,,0.5328297501452643,0.009514047675365976,,,,0.0005390835579514825,0.0006005678095654073,,
frankfurt_000001_025713_leftImg8bit.jpg,0.012507087472294426,0.0006720430107526882,,0.5505334484088363,0.30349146399883364,0.29853252453428386,,,0.459117988822694,0.12424125638308123,0.8492753376654305,,0.82601435004434,0.5726827094474153,0.2958279920755157,,0.17836898884622418,,0.35834703947368424,0.008801580333625988,0.3096645166923136,,,0.0026700393479482856,0.0018655427347474608,,
frankfurt_000001_025921_leftImg8bit.jpg,0.018925132814476407,,,0.33672484218343857,0.2853033740759716,0.3395007998807499,,,0.4859756493155425,0.04829834929692276,0.8306390380606596,,0.8151455893926025,0.6364470412129699,0.6617230890297977,,0.18152267763725938,,,0.011106506423539162,0.16212794624973437,,,,0.0004730368968779565,,
frankfurt_000001_027325_leftImg8bit.jpg,0.004788359788359789,0.0,,0.5211850672031744,0.12980140696009462,0.267879183978339,,,0.5517929612134921,0.6668710348136696,0.5537169357078923,0.5026785998155979,0.005560882070949185,0.22864077669902913,0.8559702552088879,0.1638165501809313,0.24975728155339805,,,,,,,,,,
frankfurt_000001_028232_leftImg8bit.jpg,0.0038123539111054737,0.0005012531328320802,,0.5537391520989909,0.7298605626514884,0.35114689445387665,,,0.5124726167761996,0.004571577847439916,0.2959333422927026,0.11128347485303723,0.6819951637362187,0.33480662983425413,0.8174765432482646,,0.0016556291390728477,,0.0,,,,,0.0003479471120389701,,,
frankfurt_000001_028335_leftImg8bit.jpg,0.020125947116834686,,,0.1775103603645365,0.5376715789473684,0.39164154240041416,0.00017548897610159217,,0.39146977133508354,0.35888212506917544,0.8060096894340363,,0.7833744693454437,0.5660633957526938,0.8234999116204695,,0.013532431171255249,,0.2097735399284863,0.009174661184711436,,,,0.017195022822484838,,,
frankfurt_000001_028590_leftImg8bit.jpg,0.0137033661250275,0.0001733402669440111,,0.6824057244931439,0.37517936192947643,0.38714086926222824,0.022444519166106253,,0.2175889328063241,0.3449100551107414,0.5277400681335007,,0.712566703805782,0.4058665564965916,0.8055880571253122,,,,,0.001048161685658998,,0.001663234595279582,,,,,
frankfurt_000001_028854_leftImg8bit.jpg,0.01077962739795536,,0.0007274238802868129,0.7457640633587187,0.6727847713559374,0.5574410677841646,,,0.47701367781155013,0.4102395799146702,0.7609994247702768,,0.8024908770719485,0.5929564411492122,0.7686483075674945,,0.42080134806216063,,0.5272342016701982,,,0.00398406374501992,,,,,
frankfurt_000001_029086_leftImg8bit.jpg,0.007332023660000215,0.003402250719706883,0.008329140812789983,0.716454585010472,0.6623443899438266,0.425007996278096,,,0.3457578646329838,0.44850475603914325,0.6987943723059911,0.28668604651162793,0.7300407630115082,0.30576902262149586,0.5219626406067084,,0.16599462365591397,,,0.01222835831600086,,0.559537849997816,,0.0006335414969680514,,,
frankfurt_000001_029236_leftImg8bit.jpg,0.008224407716960975,0.0010058851789574825,0.0036481556546412645,0.38446346406190013,0.013492063492063493,0.517678892358357,0.55400902920577,,0.3334477579918472,0.6892811873901132,0.20544191677818135,,0.6267109178301671,0.21236056677720833,0.5149448200217506,,0.07746853394788158,,,,,,0.001037344398340249,,,,
frankfurt_000001_029600_leftImg8bit.jpg,0.004517417388257248,0.0006269592476489029,0.0004704136926570232,0.09062775817630758,0.0040887850467289715,0.44069620176275137,0.019670184206945183,,0.3127734033245844,0.03226879574184963,0.7265314612584504,,0.7893111343829319,0.20596262859542305,0.849514953418049,0.00010019036168720569,0.0593900481540931,,,0.7042302715902395,,,,,,,
frankfurt_000001_030067_leftImg8bit.jpg,0.002938191548803248,0.0,0.0003118649524154444,0.6310245952732907,0.5797967929223113,0.5634568868270591,0.0759714565646117,,0.32351633147205616,0.09644039735099338,0.4306587475440934,,0.8253270459385458,0.0009463722397476341,0.805340183714775,0.009626274065685165,0.1425499231950845,,0.2315270935960591,0.4538845016587336,,,,,,,
frankfurt_000001_030310_leftImg8bit.jpg,0.013770425660681864,,,0.789239412652738,0.3663539841253479,0.654168313531107,0.006201653774339824,,0.3707378310520774,0.4987700766893358,0.6891896031490756,,0.824471861783682,0.28236506505217057,0.8039395015686971,,0.02243667068757539,,,,,,,,,,
frankfurt_000001_030669_leftImg8bit.jpg,0.014756966137698363,,,0.475227696987448,0.30493736673773986,0.42145583157423844,0.2838720325695266,,0.3477120535714286,0.422483274508771,0.8055653534621526,,0.8054726283286989,0.7095020240005748,0.8794653253225281,,0.4645079365079365,,,0.2772889319347992,,,,,,,
frankfurt_000001_031266_leftImg8bit.jpg,0.00472648634479595,0.00023741690408357076,,0.4675806554533273,0.68765500137779,0.47159053014927044,,,0.5445219532211736,0.6930720686168543,0.6049277212635394,,0.7634552881891642,0.054518767037114696,0.6762443419555229,,0.004573170731707317,0.03589325253466962,0.0,,,,,0.008802788094965394,,,
frankfurt_000001_031416_leftImg8bit.jpg,0.006991424001662504,0.0001606941989394183,,0.4601451236010331,0.014713039571712029,0.5474105558870932,,,0.2017009761283464,0.16678168852081895,0.08310479514667997,,0.812605773415212,0.20455192034139402,0.6421161515114395,,0.09057971014492754,0.0020554984583761563,0.0,,,,0.0,0.005081939130931308,,,
frankfurt_000001_032018_leftImg8bit.jpg,0.01264242185464551,0.001432961569006595,5.978715771852206e-05,0.1585049165348088,0.4455525948483695,0.4542054233043349,,,0.3432280650572533,0.3075623437183213,0.49761126015214435,,0.7555298539829406,0.4790898873467681,0.7071115176771526,,0.3668682696562915,,,,,,,,,,
frankfurt_000001_032556_leftImg8bit.jpg,0.007687452341079162,0.0009414718343009571,,0.7941240605809641,0.696056705725214,0.6254038979036736,0.0006842162123230941,,0.4216498103666245,0.2823277706461275,0.27000162065798716,,0.815277498491856,0.3326695871498739,0.6407114084795521,,0.27290752018127745,0.0038979447200566974,0.0,,,,0.0012043356081894822,0.003334299797042621,,,
frankfurt_000001_032711_leftImg8bit.jpg,0.003249441747477562,,,0.11902599985346299,0.006837891927951968,0.4025839173826599,,,0.27231892195395846,0.5662393162393162,,,0.8622745048568184,0.3737933217281215,0.7349940421092468,,0.0,,0.0,,,6.385987319253752e-05,,,,,
frankfurt_000001_032942_leftImg8bit.jpg,0.008180410375532327,0.0,,0.15154710848714684,0.1915142078629817,0.38573766672839027,,,0.48578321557814924,0.2913542754104584,,,0.854469618280966,0.08982213438735177,0.7754078158886436,,,,0.3535505934419634,,,0.4427705044281864,0.0,,,,
frankfurt_000001_033655_leftImg8bit.jpg,0.0056514506176481,0.001003152765835483,0.008470588235294117,0.2539243498817967,0.0016809290953545232,0.41549586548758544,,,0.27430727976958985,0.013364055299539171,0.5948986058301647,,0.8355043659226796,0.4798069048747899,0.7553965091538333,,0.09945872801082543,,0.0,,,,,,,,
frankfurt_000001_034047_leftImg8bit.jpg,0.0243951758503647,0.0,,0.4859382432335136,0.38973580553197973,0.40974152511027767,,,0.44561898771076575,0.43477402802447207,0.7621862374230676,,0.8571497153171838,0.6386723869169966,0.5310108207970441,,0.15163511187607573,,0.40596064814814814,0.004697156983930779,,,,,0.0011084508291212202,,
frankfurt_000001_034816_leftImg8bit.jpg,0.00771761046539634,,0.0014231981295110298,0.7545092440201376,0.7857777599412925,0.007163828919511319,,,0.632232981748803,0.44876179488236023,0.44727227446774187,0.04746271456711378,0.0,0.14099063962558503,0.04329004329004329,0.5319304030302204,0.0009567852017222134,,0.15855398763278897,0.039220808299436506,,,,,,,
frankfurt_000001_035144_leftImg8bit.jpg,0.0047733158118501914,0.0,0.001049245150492972,0.5863943692340865,0.48574459333665276,0.46908695630788605,0.19977135514592645,,0.386677657403046,0.4320619229693183,0.5081230245164672,,0.8239473735579457,0.48803460545594085,0.8770686550967222,,0.1684066404244395,,0.6410144293834718,0.5567551438375673,,,0.0009689922480620155,,,,
frankfurt_000001_035864_leftImg8bit.jpg,0.01616306111195467,,,0.29885880982431584,0.2215636906486041,0.3334733030065708,,,0.5514668227375814,0.16898192197906756,0.7330937660265542,,0.7647726161369193,0.0,0.36834185976527234,0.892055794914732,0.0005595970900951316,,,0.13160825660825662,,,,,,,
frankfurt_000001_037705_leftImg8bit.jpg,0.011354527131118067,0.008597285067873304,,0.2711881464720693,0.041024138739161005,0.37516779647422477,0.14534268324953692,,0.5486335424268816,0.49692288256420436,0.8293550232976376,,0.7484983291990406,0.6528321667540317,0.528785685332098,,0.5894988066825776,,0.0,0.002424400417101147,0.2886279224543249,,,,0.0025559433381235888,,
frankfurt_000001_038245_leftImg8bit.jpg,0.013876461532436154,0.0015618167051914787,,0.8085041851579413,0.5529071342856037,0.5565914379640232,0.23013607516004767,,0.3815454051569226,0.007151741293532339,0.7962500230229431,,0.10608670686190066,0.4715704463603623,0.8474093799499552,,0.3765584723025935,0.00909249868858192,0.3557142308725863,,0.0,,,,,,
frankfurt_000001_038418_leftImg8bit.jpg,0.009493327178679555,,0.001127155303722659,0.5594887644719175,0.44628145491229054,0.48534702254117146,0.12524694988613913,,0.33560392606124406,0.13523825674071563,0.8413502868128605,,,0.5486243723035575,0.8834750676459219,,0.09163498098859316,0.28987108655616944,0.49405626537811637,0.008325932504440497,,,,,,,
frankfurt_000001_038645_leftImg8bit.jpg,0.014480642336156813,0.0013102343863735624,,0.48856746707834975,0.13891403859285298,0.4639365739973068,,,0.38123599900437366,0.3218263075250634,0.7531985011605707,,0.7070451229248685,0.28604186457889735,0.7682411880479514,,0.05226436635798554,0.018792359827479975,0.7556651909657087,0.0001468356908619255,0.003676470588235294,,,,0.0032531159363486713,,
frankfurt_000001_038844_leftImg8bit.jpg,0.005994011870378758,,0.0035573122529644267,0.28498927990776185,0.7575704295001693,0.3971646817971691,,,0.3430194075587334,0.05866991643454039,0.3830556823368325,,0.7893179206852129,0.5367728094279459,0.8328661635607577,,0.5682501118854293,0.0002832058906825262,0.5466808567247572,0.07380513293376365,0.33352187028657615,,,,0.0029064939378840725,,
frankfurt_000001_039895_leftImg8bit.jpg,0.005805146974019084,0.0,0.007614814814814815,0.5171506511595825,0.14578362660304206,0.30133210470239297,,,0.5433448873483535,0.15358784022622834,0.8271866516586108,,0.8406669969653806,0.01424731182795699,0.8685845679885105,0.9011044448047854,0.30956052428681574,,0.42451108213820077,0.010541727672035138,0.0,,,,0.0004962779156327543,,
frankfurt_000001_040575_leftImg8bit.jpg,0.004288535896027557,0.0,0.007539917208752218,0.5393488416396783,0.18205100021982853,0.35592942535674094,0.006597690808217124,,0.6005972512052961,0.21881766288301294,0.794894208699475,0.013855345112495233,0.7226527529095792,0.7484696813798155,0.6731950667467319,,0.2538291354663036,,0.38235294117647056,0.003872304020892431,,0.001095690284879474,,,0.0010551703346397348,,
frankfurt_000001_040732_leftImg8bit.jpg,0.010114017826137285,,0.009647134995144059,0.6800590349907237,0.2357784353423662,0.4486473066265157,0.0008488309283123698,,0.344859984417251,0.034578146611341634,0.8114953677547735,0.02930636473562713,0.7510305121197186,0.0023861602704314975,0.6684007293789552,0.0006006006006006006,0.20693401817463453,0.48847148802159485,0.7905130293159609,0.008281223593037013,,,,,0.003702117243911394,,
frankfurt_000001_041074_leftImg8bit.jpg,0.013765698093593334,0.0006701913768709509,0.0031297155312133237,0.6667953293982777,0.4268898446609406,0.1286926777687675,0.45045669337776173,,0.346192785208078,0.03304021725074357,0.8459148871461778,0.32882724719101125,0.7702765398079545,0.4903501411244183,0.16543412763626403,,0.05342609608821213,,,0.10197692101261294,0.0008017103153393907,,,,,,
frankfurt_000001_041354_leftImg8bit.jpg,0.016099967299115683,,0.016812548747725108,0.5725947221812203,0.503609634031905,0.2723031520783624,,,0.34631999480317005,0.1351949129112524,0.864567571809763,0.007883272249498651,0.7497413090861056,,0.8763075824913535,,0.013357307988697662,,,,,,,,,,
frankfurt_000001_041517_leftImg8bit.jpg,0.011427849289595783,,,0.5381641988222583,0.8079702417008643,0.18255584566289526,,,0.48722470197094103,0.4187974150042147,0.6898435314553535,0.28360981233587396,0.7580338719892132,,0.19565073917634634,,0.0,,,,,0.743141951391335,,,,,
frankfurt_000001_041664_leftImg8bit.jpg,0.013844796565545698,0.0024468573176326656,0.02132121635791681,0.7670956976523435,0.7954024033830903,0.10308325835697972,,,0.3907820841711156,0.14615649775939332,0.8602458186237629,0.09291129139513234,,0.25506412561428743,0.7562068082928077,,0.30640614990390774,,,,,0.8086148563348987,,,,,
frankfurt_000001_042098_leftImg8bit.jpg,0.015372936633886064,,0.010690216128282594,0.45335637242257865,0.06071327694114499,0.05821032143445941,,,0.18372452070589615,0.1251077839617465,0.7800417528646054,0.587589340129647,0.5504493563274229,0.005738880918220947,0.29005352919208266,,0.08350640359986154,0.31203386414029427,0.026470588235294117,0.0060181531176006315,,0.0,,,,,
frankfurt_000001_042384_leftImg8bit.jpg,0.00937036971965025,0.0005122950819672131,0.0071681019463387926,0.6459258661067593,0.5521873659702224,0.19274360265848567,,,0.4793266850555202,0.19618299186079147,0.8029528714225365,0.3387531053359713,0.7573459393279826,0.4101346001583531,0.6476183560848098,,0.41654357459379615,,,0.008526977161663509,,,,,,,
frankfurt_000001_042733_leftImg8bit.jpg,0.007604591337836415,,,0.4566064741289728,0.4109712981770218,0.23647464956254982,0.358311345646438,,0.3926551637188862,0.3088456523919366,0.7483637082145278,,0.7725863666869068,0.0,0.9199761317237013,,0.12175204157386786,0.015638237785936177,0.1057442726554565,0.028390142492095802,,,,,,,
frankfurt_000001_043395_leftImg8bit.jpg,0.009168228118469854,,0.012066030054038048,0.6125606606311387,0.4868699869720134,0.5287397631081918,,,0.35943963162413173,0.4705573080967403,0.8329130781772514,0.004023740066391711,0.8318887321104615,,0.9025650549498568,,0.24644144999051054,0.5558966370383945,0.5966870723802665,,,,,0.01445672191528545,,,
frankfurt_000001_043564_leftImg8bit.jpg,0.008106493728133799,0.0016209331943962024,,0.6621793862820584,0.024702716062944552,0.04465728918476067,0.3381516793694033,,0.14709905581690189,0.5345674949844491,0.6810804249394532,0.00609958966396806,0.6930456442709034,0.0006203473945409429,0.7060343370439234,,0.0002822466836014677,,,0.0023215322112594312,,,,,,,
frankfurt_000001_044227_leftImg8bit.jpg,0.0069360850599359805,0.0,0.0024952792015106554,0.3667606500708761,0.019147490240236518,0.12765109716548034,0.0,,0.16985735735735735,0.19343269678621333,0.5009135474008364,0.000513288468119083,0.7047451193058568,,0.8843165102128003,,,0.1752842737609955,0.4439102564102564,0.0,,,,,,,
frankfurt_000001_044413_leftImg8bit.jpg,0.022542655585480853,,0.010814951670684721,0.7192440037369692,0.02113285148335198,0.11275314175938525,,,0.017735260923308432,0.07078522637973765,0.7981202059001766,,0.6813470153140953,0.06288243718265851,0.857312278649641,,0.011873581281648332,0.27057316682676913,0.34068786502271253,,,,,,,,
frankfurt_000001_044525_leftImg8bit.jpg,0.00976452782121146,0.002385008517887564,0.017851959361393322,0.8214792903964597,0.41439568129561133,0.26217036982448383,0.0003253703228016097,,0.33184822623828647,0.045934202358783364,0.5684065483306043,0.004630688314658129,0.8162796365282178,0.4963223663397659,0.6680265841942489,,0.14011601963409193,0.01385570950788342,0.0,0.001469957738715012,,,0.0,,,,
frankfurt_000001_044658_leftImg8bit.jpg,0.011486867840674729,0.0005439216752787598,0.011723593732386428,0.7313735085334542,0.022201665124884366,0.3019181153382621,0.3256135358975662,,0.06853381979468469,0.0,0.6203293055371133,0.02799081247323549,0.48523425998094744,0.3891979515897285,0.8767571480275064,,0.01017146178436501,0.017760710428417138,0.00019116803670426305,0.0,,,,,,,
frankfurt_000001_044787_leftImg8bit.jpg,0.005457277879374966,0.0005387447247912364,0.005463111098004232,0.5271146609236579,0.002279601946429354,0.10367200585718726,0.0018181523027223584,,0.0801897280071148,0.01865079365079365,0.7466757883978173,0.17000983776032547,0.28876683470017306,0.253298690712721,0.86,,0.331025641025641,0.13305613305613306,0.09989307451883533,,,,,,,,
frankfurt_000001_046126_leftImg8bit.jpg,0.008594162455690474,,0.01249675913922738,0.728836301802882,0.3702872801734522,0.22059929701721664,,,0.36697400392770363,0.24117479790388754,0.5124675265842061,0.03740967712430257,0.7075017627762961,0.017345218019754277,0.7842204658319927,0.011381113503537373,0.14909319305959018,0.4194910992658151,0.647155041476808,0.10913628340130258,,,,,,,
frankfurt_000001_046272_leftImg8bit.jpg,0.011246764715384699,,,0.581001834373149,0.5334107040737377,0.2541608451942934,0.013882718791648157,,0.19068498053778354,0.10883715108273877,0.7902851631270774,0.04262400484105822,0.38702353925200145,0.6633328946791245,0.7860136653368185,,,,,0.006678150589175155,,,,,,,0.02453135848183291
frankfurt_000001_046504_leftImg8bit.jpg,0.00799879097628665,,,0.578437662961789,0.654920179904117,0.21457248326987088,0.0028512712365909554,,0.4308653846153846,0.00045955882352941176,0.6596041805827711,,0.18496124031007752,0.5791575663026521,0.8523628198747699,,,,,0.004383575856612974,,,,,,,0.00801153661272232
frankfurt_000001_046779_leftImg8bit.jpg,0.009621264463663149,0.0,,0.4482417902590831,0.0005923160454826927,0.12302346777578406,0.0,,0.16861650745948267,0.2159118578037497,0.7023915649969339,0.022734570676257143,0.7387428922698632,0.5737585676318366,0.47596406108782935,,,,0.0,0.012726054922973878,,,,,,,
frankfurt_000001_047178_leftImg8bit.jpg,0.007694813757582339,,,0.2829394815847366,0.015961341338409724,0.22607088226408942,,,0.13005384685589122,0.38256467051657306,0.863274408238672,0.00674629506746295,0.8468235834899347,,0.7644093604010729,,,0.30558695301146455,0.10457233520842348,,,,,,,,
frankfurt_000001_047552_leftImg8bit.jpg,0.0037050326357336086,,,0.19628882002599018,0.5912011949423371,0.22302766702911683,,,0.3221310407711346,0.0001350438892640108,0.7531961164049079,0.015440144375375978,0.5383734249713631,,0.9001754242819844,,,,,0.24588224304885264,,,,,,,
frankfurt_000001_048196_leftImg8bit.jpg,0.013028940389715207,,,0.8040223765654149,0.2677481768120256,0.569660035229375,0.15966839532333316,,0.45692054003916316,0.5506205971150621,0.43899615326192715,,0.10970873786407767,0.13793103448275862,0.8369333035156581,,,,0.5305997552019583,0.0478665145895807,,,0.0,,,,
frankfurt_000001_048355_leftImg8bit.jpg,0.011257637788795852,,,0.19858882916047885,0.05920592470685044,0.4191412460580516,0.30615460807707895,,0.3632008795351029,0.683879612451041,0.8519794110968133,,,0.38719473617613565,0.674791249870852,,,,0.05531609195402299,0.06693020719738277,,,,,,,
frankfurt_000001_048654_leftImg8bit.jpg,0.007613653769281634,,,0.7219551731173225,0.4377209631200923,0.5060239286410425,,,0.19924493085602782,0.23080084948962115,0.5776311859880892,0.0002905850445563735,0.5106893243798821,0.46489400808724424,0.7969385664530102,,0.05594587561800676,,0.3948993423364627,,,,0.44024725274725274,0.0024892509617560534,,,
frankfurt_000001_049078_leftImg8bit.jpg,0.0027806083509012225,0.0,0.006981615080288574,0.7929917850359757,0.05230326295585413,0.2118683769998863,,,0.055996782949633055,0.0,0.3297708759999735,0.0,0.4372919879860378,0.0011574074074074073,0.4039455782312925,,0.0,,,,,,,,,,
frankfurt_000001_049209_leftImg8bit.jpg,0.003909934521316775,0.000450320048891891,0.003974284044418469,0.75567483269572,0.4178733376519453,0.49221985789927447,,,0.18358876117496808,0.038742363284160336,0.5988344552896515,,0.8216142190284057,0.0002790567880563695,0.678294720133036,,0.11706303394135303,0.10115702479338844,0.2841898343162033,,,,0.0003534817956875221,0.0,,,
frankfurt_000001_049298_leftImg8bit.jpg,0.005358733281907381,,0.009300608745113702,0.609269395881858,0.22057087904882633,0.3896812246582934,,,0.3976939381093684,0.07885079165355982,0.22304809839959144,0.0,0.8514429985361858,0.05157487566771044,0.5297370282260657,,0.0994675186368477,0.007017543859649123,0.44322757287808023,,,,,0.0008320236664509568,,,
frankfurt_000001_049698_leftImg8bit.jpg,0.009485704157626802,4.4347864650317085e-05,0.010605353178270938,0.45908961395997133,0.37369268764093205,0.028475799545345223,,,0.36855974982724493,0.2287300922045264,0.27109759242628484,0.08344099095675964,0.33930874387412946,0.1462370687198745,0.7035245587456879,,0.025703833306823604,,0.0,,,,,,,,
frankfurt_000001_049770_leftImg8bit.jpg,0.00854483444174083,0.0010400284105321902,0.006398500634811874,0.41747246855445563,0.23061085822592098,0.03737004524073464,,,0.2368572004402896,0.305823035913543,0.26247315357561546,0.031373056515871404,0.30935819829304056,0.5733394716789434,0.8120677731673582,,0.019388693903976555,0.000942240648261566,0.0,0.0011008256192144108,,,,,,,
frankfurt_000001_050149_leftImg8bit.jpg,0.00781143291988891,0.0007455731593662628,0.011949575418016284,0.5765463727319691,0.34451145405764866,0.03835495667841453,,,0.4061115440276077,0.45608599902952485,0.23877861590727747,0.024770019604886142,0.3870680775353498,0.5507636721957628,0.6305170239596469,,0.015871936920096523,0.4766256590509666,0.6476423936553714,0.003014961033050799,,,,,,,
frankfurt_000001_050686_leftImg8bit.jpg,0.009702479772447056,0.0007538229592935602,0.007863348138216151,0.5760108347697611,0.10867595601099725,0.12492519034351009,,,0.5370811587625747,0.4130475795192997,0.5752079495993524,,0.7473385285959583,0.0602773826458037,0.10823498162370351,,0.6903180410920349,,,0.057466888412447154,,,,,,,
frankfurt_000001_051516_leftImg8bit.jpg,0.00777239951672605,,,0.6434956516872946,0.06791508355303742,,0.0005735156509402638,,0.44297734219897267,0.005183154747072016,0.4241507729419849,,,0.1729405346426623,,,0.0004453681710213777,,,0.15056738253774735,,,,,,,
frankfurt_000001_051737_leftImg8bit.jpg,0.006794075759593001,0.0,,0.255072555998503,0.02658366750441207,0.4600711739390096,,,0.31507433008237856,0.4805396009673519,0.21293702375616316,,0.7186708212487466,0.4535953595359536,0.7393411533328651,,0.44697954840997756,,,,,,,,,,
frankfurt_000001_051807_leftImg8bit.jpg,0.007390364155349883,0.0003157783937405705,0.002202989771833202,0.8051406511749335,0.5868375457220648,0.66675300038055,,,0.3469364937388193,0.4764311743270248,0.40127628540172605,,0.6481032532151185,0.6602895906966139,0.7907975048628345,,0.42440821795444394,,,0.006688722669735328,,,0.0,0.0054256314312441534,,,
frankfurt_000001_052120_leftImg8bit.jpg,0.007958073089206352,0.0016467682173734047,,0.4746238334722171,0.682237600922722,0.45870494796487676,,,0.057713963963963964,0.041319082377476536,0.7121996797836426,0.0006574621959237344,0.7578073089700996,0.44187517570986784,0.7294260053499111,,0.016376663254861822,,0.007613314447592068,0.0026646070670013518,,,,0.008285243198680957,,,
frankfurt_000001_052594_leftImg8bit.jpg,0.011230778454829171,0.00044365572315882877,,0.7349478893304341,0.6672921839213195,0.6067041965199591,,,0.2992474954988228,0.237788513150832,0.8043763446502598,,0.59088996656259,0.7995740511990459,0.8239693934574217,,,0.3578589729308232,0.3756966508672327,0.0237134674016815,,,,,,,
frankfurt_000001_053102_leftImg8bit.jpg,0.012703387060810707,0.0004463289444320464,,0.7596306019904859,0.6989465680001483,0.6385023844691047,,,0.44808743169398907,0.3044662309368192,0.8206354540989116,,0.6135349699146628,0.3940551660439145,0.4985625791437079,,,0.34566267832489644,0.6661768307616949,0.004768621129693062,,,,,,,
frankfurt_000001_054077_leftImg8bit.jpg,0.0005252057055680141,,,0.013384925346489203,0.0,0.39982434277617246,,,0.1721298411517824,0.3223704623022029,,,,0.014943886591848789,0.0,,0.0010643523825118715,,0.0,,,,,,,,
frankfurt_000001_054219_leftImg8bit.jpg,0.01061157177645572,,,0.868094219659898,0.4325767106054805,0.6001449786962667,,,0.36233375252467515,0.4629915711304442,0.6309009601164347,,,0.6309431575618626,0.24240447121772757,,0.3983166233444733,0.19447603574329814,0.5446643890675241,,,,,0.006350208058059045,,,
frankfurt_000001_054415_leftImg8bit.jpg,0.008452810228815843,0.0003835826620636747,,0.5926687784303932,0.6179266833460242,0.4183187062002898,,,0.3814043229995046,0.5097889820121244,0.6782935670005307,,0.6186165901107809,0.6180120961085348,0.7425845594700744,,,0.02546004537433829,0.07018970189701897,,,0.0016086480921433627,,0.008671897334900416,,,
frankfurt_000001_054640_leftImg8bit.jpg,0.012023660708532547,0.0008137642408742153,,0.5488181175608967,0.30415618948524525,0.3583124955275568,,,0.40953092515592515,0.6136433925862653,0.7431703138167551,0.0007106057914372002,0.6894028256797213,0.6361674629001361,0.8139695784806013,,,0.01480225988700565,0.5072912063632347,,,0.0009702233823835155,,,,,
frankfurt_000001_054884_leftImg8bit.jpg,0.004090600433544882,0.0002145002145002145,,0.3962927941890013,0.41101197464193473,0.3053961881747671,,,0.3819972088695922,0.05850844664194479,0.8516018302403947,,0.6956871014711051,0.4348292295472597,0.506174162269306,,,0.10415689218354134,0.4801704584507526,,,0.3412533435231181,,,,,
frankfurt_000001_055062_leftImg8bit.jpg,0.009190120620333142,0.00033629917174318274,,0.41695750196676823,0.6654921226495003,0.4207201115498308,,,0.46769169593743787,0.4138496407387761,0.3429413691451032,,,0.5193723363037582,0.7607613666935701,,,0.06366630076838639,0.8164824043841057,,,,,,,,
frankfurt_000001_055172_leftImg8bit.jpg,0.01740078039863606,0.0005512679162072767,,0.40922155250898795,0.621439687307734,0.6698419835999425,,,0.16627693075172265,0.6997992975413949,,,,0.8332675991147067,,,,,0.5891269043384115,,,,,,,,
frankfurt_000001_055306_leftImg8bit.jpg,0.008037212139698033,0.00038931581976370223,0.0013969732246798604,0.56367565794982,0.8764353120330504,0.5984079838871191,,,0.4361099640139225,0.05103280680437424,0.247308238043569,,0.002359800111049417,0.6665481899588338,0.27714688636532325,,,0.0623015873015873,0.21156042951793466,,,,0.22675918512587848,,,,
frankfurt_000001_055387_leftImg8bit.jpg,0.003090475956021315,0.0003031910861820662,0.0037784273187424252,0.6910197827153417,0.7130959994315356,0.4395668200034702,,,0.28782623059134455,0.12873248019500305,0.2569295239448124,,,0.3767312412342216,0.019196621394634544,,,,0.02396966801269998,,,,0.3156127817240179,,,,
frankfurt_000001_055538_leftImg8bit.jpg,0.002897323240343726,0.000569617118232701,0.002624368029022423,0.49872401947710304,0.23199154098071756,0.3602815028962723,,,0.5261785430267611,0.48296179907689285,0.045500932792397294,,0.6058303996047186,0.2209784556988718,0.45664518376589447,,,0.05335029118414887,0.6578393299957891,0.035534510707277533,,,,0.0,,,
frankfurt_000001_055603_leftImg8bit.jpg,0.0031744252047959747,0.0001046227143960855,,0.7093052355572921,0.7327342114982149,0.2888971690436421,,,0.6810793526726235,0.5267917549952641,0.10946776627436391,,0.7709537141835945,0.29620376466768283,0.7258224516651482,,0.0,0.010261569416498993,0.574205267938238,0.007559622720996091,,,,,,,
frankfurt_000001_055709_leftImg8bit.jpg,0.002179284091226134,0.0009135101628005612,0.0046421663442940036,0.3208122317079053,0.16595207329965936,0.21218010641656318,,,0.16936423669558462,0.07889476778365667,0.3436263190921283,,0.7570496083550914,0.14530618727603015,0.46281530406066007,,0.0,0.11742569205255772,0.10781445883827831,0.00021639752224837026,,,,,,,
frankfurt_000001_056580_leftImg8bit.jpg,0.0018168301698024067,,,0.4556769483940877,0.12102309734956661,0.25108022614798725,,,0.21406109613656785,0.13994601889338731,0.06572374073249117,0.0,0.516058394160584,0.5437127330987893,0.42522958834011054,,0.02409972299168975,0.0,0.0,,,,,,,,
frankfurt_000001_057181_leftImg8bit.jpg,0.0009072888827526355,,,0.4871297835871614,0.08716746844290942,0.27481793492631845,,,0.21240433356525196,0.0680465367965368,0.08315628734563803,0.0,0.3792693960642389,0.6318921793193717,0.4635506932409012,0.10106382978723404,0.019908851043415686,0.0005691519635742744,0.0,,,,,,,,
frankfurt_000001_057478_leftImg8bit.jpg,0.0018248294323115594,0.0005643795855841329,,0.4316122538467671,0.13213188501206935,0.24724578286801566,,,0.3523713509248707,0.022625624835569586,0.07704608106870102,,0.43150117826890005,0.5884459197600552,0.44851372967208747,0.02822109770338653,0.01901016060308096,0.24369285006059271,0.5191256830601093,,,,,,,,
frankfurt_000001_057954_leftImg8bit.jpg,0.0023547414049353934,0.001005413766434648,,0.543483709746694,0.11050163373795859,0.40409933188373864,,,0.3860365738704204,0.23133702398926353,0.20789398375415502,,0.5022330659167976,0.6635196313123911,0.0006544502617801048,,0.23958972072021853,0.01913654432837201,0.0,,,,,,,,
frankfurt_000001_058057_leftImg8bit.jpg,0.005346482202163858,,,0.5011330615968979,,0.15730112320344602,,,0.19066607591197754,,0.7409410646117233,0.0003273858241938124,0.8688592735465527,0.01703800786369594,0.8212438940619753,0.6584598475402039,0.016971862438588656,,,,,,,,,,
frankfurt_000001_058176_leftImg8bit.jpg,0.009702165176902157,,0.0033509890822613774,0.29693154745667155,,0.2135964973065635,,,0.08781504266719588,0.1576598909271195,0.7804270600622187,0.0036813290541816124,0.7378425080227105,0.19213456526889364,0.5128377083732516,0.4974847602093111,0.0540923251203625,,0.4562962962962963,,,,,,,,
frankfurt_000001_058504_leftImg8bit.jpg,0.004250332677908201,,0.0,0.3110499924124692,0.33318459969403363,0.3145537420781624,,,0.11090653092169392,0.06166805324459235,0.6193323438475017,,0.8363423977462079,0.27662983891372184,0.6332176427241483,,,,,,,,,,,,
frankfurt_000001_058914_leftImg8bit.jpg,0.009564728342585614,,0.003685684800235884,0.2478724291341093,0.2843413126188966,0.4389625144200549,,,0.31883347166679243,0.47372468597795436,0.46572471606273663,,0.8220199674947759,0.7360955208748234,0.10157691456124382,,0.03069877883310719,0.007461963368543463,0.0,,,,,,,,
frankfurt_000001_059119_leftImg8bit.jpg,0.004029313345420062,,0.0033944331296673455,0.21650718876072922,0.3647330090262351,0.43003087521791183,,,0.44638779797241757,0.4341618734593262,0.4705336905007212,,0.8247844057296296,0.7378352269147573,0.1381629222069387,,0.19270833333333334,0.03799446915955272,0.17850953206239167,,,,,,,,
frankfurt_000001_059642_leftImg8bit.jpg,0.0030719529857630005,,,0.17414430546499274,0.025242410237018155,0.43490679858786896,,,0.13424806932735955,0.0437989857076994,0.4961656841775784,,0.8684374721454675,0.41284886782517116,0.8775827993052644,,0.02002035968781812,0.010109071561585529,,,,,0.2662337662337662,,,,
frankfurt_000001_059789_leftImg8bit.jpg,0.008558493165021929,,0.009229888348124821,0.4429098154031185,0.049001735732540186,0.46757012358417904,,,0.392799987067781,0.7181598471223022,0.5684146744519114,,0.8226703848900025,0.1543721698690491,0.8462170070464589,,0.21880506166906935,,,,,,,,,,
frankfurt_000001_060135_leftImg8bit.jpg,0.009982900515444895,,0.00020026033843997197,0.6558353452641061,0.4705135464388051,0.35219616142521487,0.0035605210670655698,,0.13475717262381792,0.0004891889247627434,0.6122386139697832,0.09481727574750831,0.6955774871570486,,0.4328221140600606,0.03176963048498845,0.007827415043909889,,,,,,,,,,
frankfurt_000001_060422_leftImg8bit.jpg,0.0038321811242086547,,,0.4986616837533458,0.03162809896034879,0.3633136307936279,,,0.09101695753201167,0.0,0.29734316107843534,,0.8777464439554991,0.0037826000398168426,0.8824761248271259,,0.0023169601482854493,0.0,0.001310615989515072,,,,,0.02824933981315048,,,
frankfurt_000001_060545_leftImg8bit.jpg,0.006631599834297033,0.0019907100199071004,,0.5152970163462077,0.317131643906164,0.3591933520594767,,,0.0921365408386422,0.004883063479825238,0.6115843577025376,,0.8414424803113493,0.3246614397719173,0.7614220928658454,0.0013451406792960431,0.055795416805048154,0.2544093389163812,0.1704018547140649,0.01660470879801735,,0.41635933806146574,,,,,
frankfurt_000001_060906_leftImg8bit.jpg,0.00555723278879161,,,0.30332882101489644,0.30308190022135195,0.029235403544887108,0.5698076697548962,,0.2494083378845804,,0.4620102079094247,,0.8615934933354649,0.46045545739326316,0.5395440872198918,,0.03231211105792245,0.21681278609667157,0.5358750137206835,0.008624632473048023,,0.04462839661687961,0.0008453085376162299,,,,
frankfurt_000001_061682_leftImg8bit.jpg,0.007193662826061733,0.001582841992798069,,0.20031145919770837,0.5324207731873237,0.024866320122822118,0.10439778129952457,,0.2833740085417938,0.0007992540295723991,0.37483671858178425,,0.8617840163006566,0.051855097867367805,0.566007895738204,,0.032824733989158805,0.163418039653728,0.5122728721708639,0.049356398001303495,,0.1325228143349455,,,,,
frankfurt_000001_061763_leftImg8bit.jpg,0.009424692694860534,,,0.44016403553902766,0.5893675527039414,0.04120886989418839,0.17233494695643217,,0.18895611341881885,0.0,0.3925232311850579,,0.8996930690102439,0.22827421801632594,0.45019100084442476,,,0.26033272067486685,0.4966289276173515,0.34219903533812385,,,,,,,
frankfurt_000001_062016_leftImg8bit.jpg,0.006383003061858697,,0.005068790731354091,0.692444473146247,0.5440446187571767,0.24184465611197323,0.16815706649348053,,0.18138951211164772,0.20692129814209392,0.0870639837532484,,0.7864041571869937,0.2803137189808283,0.6269772166594109,0.011362152278960428,0.08514605344934742,,,0.5042491193633548,,,,,,,
frankfurt_000001_062250_leftImg8bit.jpg,0.010187128214911292,,0.011881064941527743,0.4813851275431546,0.11955351280367696,0.4177673426927028,0.1593530591775326,,0.4424301663179437,0.4192140921409214,0.017845422234331075,0.16163651402999002,0.7989148286475505,0.05068132918957686,0.6535235981730446,,0.26665643229966224,,0.2274122807017544,0.0020359687818120122,,,,,,,
frankfurt_000001_062396_leftImg8bit.jpg,0.0115355181814014,,0.006719139950086389,0.5091804778493262,0.2923170396516557,0.5068937772556845,0.2582968065122104,,0.39591384119090023,0.28216753022452506,0.2137836757328381,0.2764767232388357,0.9068483284316667,0.6153891233005157,0.5958590022696744,,0.3751896474788041,,0.5640913356271504,,,,,0.008593833924159416,,,
frankfurt_000001_062509_leftImg8bit.jpg,0.005671963451446959,0.0,0.0038959406811612416,0.52819123567213,0.32947219725182997,0.5051432297058313,,,0.4194626431076699,0.337718642547466,,,0.8784123774365727,0.12145539298200181,0.8215750433070284,,0.0,,0.0006607201850016518,,,,,0.011471089753526585,,,
frankfurt_000001_062653_leftImg8bit.jpg,0.008471942403954791,,0.00025175705444246304,0.684797518708753,0.6310982647356959,0.6003298598377782,,,0.5328434647071921,0.3769220932834628,0.0,0.0074312955692652834,0.20943643512450852,0.3774634009009009,0.6681873196164231,,0.3852327447833066,,0.7697312697312697,,,,,0.02052641917108623,,,
frankfurt_000001_062793_leftImg8bit.jpg,0.009492336075645263,0.000516422226812642,0.0019990592662276576,0.6299281512690562,0.40682725823067045,0.41789378260158816,,,0.47040209925136994,0.5469892722406053,0.2822855569323971,0.00013956734124214934,0.7355412753336629,0.5357477853048462,0.5871094681612211,0.4707420970032135,0.022005501375343836,0.0003977724741447892,,,,,0.6120401337792643,0.004629629629629629,,,
frankfurt_000001_063045_leftImg8bit.jpg,0.005194590460968233,0.0003613695907489385,,0.35643017874580735,0.3912223126759608,0.36370914142966765,0.11377654418891532,,0.6219383188217105,0.37915492957746477,0.22773953353039592,0.11001582085919435,0.7951129642199166,0.6391399539662045,0.7875733242211971,0.18146444994694022,0.2696687707425002,,0.5593633679887049,,,,,0.0060908842047632085,,,
frankfurt_000001_064130_leftImg8bit.jpg,0.03373538291774587,,,0.3621799597031795,0.41173469234624815,0.5183794074980774,0.006790258667038372,,0.25512339510944365,0.1940057636887608,0.7348460041990099,,0.780379655122446,0.28576259722691916,0.4945863951998921,,,,0.3608889165551371,,,,0.011943345211022973,,,,
frankfurt_000001_064305_leftImg8bit.jpg,0.0058671538761438085,,,0.31582398871995426,0.07618505082001618,0.4658313213783274,0.18054120304727114,,0.39837145376277167,0.14817349644965352,0.6676021706379398,,0.1199421965317919,0.0016597510373443983,0.564508361054176,,,,0.5316473058377911,0.0015689169858336025,,,0.2651867438190426,0.03097595126384829,,,
frankfurt_000001_064651_leftImg8bit.jpg,0.011283353888122055,,0.010454545454545454,0.34741274196006705,0.07383354980517534,0.1564847616260097,,,0.2928884784114523,0.27908367725342426,0.5468606702992613,,0.8421753207818683,0.0016503745080614447,0.8782904396341975,,,,,0.006613024074013747,,,,,,,
frankfurt_000001_064798_leftImg8bit.jpg,0.0063668790334219915,,,0.34909104252855444,0.0702457264957265,0.37637462064971955,0.11378844260516963,,0.1196460630931008,0.4284774504787662,0.12205141519507874,,0.8476509798159255,0.40788777130757015,0.90960018373001,,,,0.0003040206734057916,0.003940571915437457,,,,0.002321452956438618,,,
frankfurt_000001_064925_leftImg8bit.jpg,0.003933878724138761,,,0.4464772051238668,0.012399347922738724,0.45733608537174475,,,0.30919263346025333,0.2590609916630101,0.3327708304164241,,0.8862020066319078,0.11231063903882987,0.7126621893274854,,,0.0,0.0,,,,,0.018155757286192068,,,
frankfurt_000001_065160_leftImg8bit.jpg,0.01199472137998209,,,0.6306307811860257,0.41434763235711103,0.30353618205834915,0.15046709352366958,,0.23441635047667633,0.07910984764358371,0.6001161022456951,,0.7880731513384575,0.003166325200223505,0.64419374130193,,,0.002527379949452401,0.0008032128514056225,0.10904066524693236,,,,,,,
frankfurt_000001_065617_leftImg8bit.jpg,0.010499764244066808,,0.020237524631197743,0.39823582778006505,0.5958948527304809,0.24660135178239137,0.5770152626099284,,0.3066931540342298,0.39674586498572273,0.5848784973831317,0.004649926929719676,0.6545936761841614,0.1590641553855209,0.847025847678057,,,0.24728551766325127,0.08223086900129702,0.010747157055462678,,,,,,,
frankfurt_000001_065850_leftImg8bit.jpg,0.013580276136790172,0.0015542028234684627,0.00300008823788935,0.6428041425146639,0.6705037402306432,0.0836889496363845,,,0.2978990751909932,0.24362730735423382,0.7822078732466968,0.08248610206841288,,0.7350414769800132,0.7641904761904762,,0.003368818218568926,,0.33013085969852574,,,,,,,,
frankfurt_000001_066092_leftImg8bit.jpg,0.011992891207344048,0.0,,0.7783181246926397,0.00863547280744733,0.41205265003844543,0.25704512532106294,,0.15058053296506574,0.4653398776306058,0.27970995677240357,0.13118816818254347,,0.477044246654287,0.8395999051783174,,0.18741230707556625,,,0.0014042057675183232,0.7762040057197865,,,,,,
frankfurt_000001_066438_leftImg8bit.jpg,0.003228933179863088,0.0,0.008477699963140435,0.5421686931253346,0.004940460424966081,0.18141639169162105,0.00027322697125223673,,0.1260141324260665,0.03884117420843482,0.26415496699211893,0.0,,0.0030987502560950626,0.5773159177414496,,,,0.0,0.00022271094902703154,,,,,,,
frankfurt_000001_066574_leftImg8bit.jpg,0.010968959225136164,4.173738835248616e-05,0.013360753976901285,0.6404230061176663,0.03723830150292052,0.36279631188696276,0.0003057169061449098,,0.18546388500878655,0.35846592258370935,0.42477945194784916,,,0.12277130192086685,0.1951805004154741,,0.07607994842037395,0.007511631817927014,0.030719803624287056,0.0,0.0,,,,,,
frankfurt_000001_066832_leftImg8bit.jpg,0.012989828362214913,0.0,,0.5780793224837643,0.019402329022392542,0.3943043228002269,0.046216436126932464,,0.028752886836027714,0.334466511600167,0.11128323733054052,0.5252161681353689,,0.6923767663878255,0.8355769838475221,0.08625100760522904,0.15946064780888172,0.2719724736330316,0.3077161290322581,,,,,,,,
frankfurt_000001_067092_leftImg8bit.jpg,0.014859140724803335,0.00013622586247999182,,0.3842831519991878,,0.29862947348076013,,,0.5662950210417008,0.18838380354556114,0.7600434819795336,,0.36257425742574256,0.2944985853505187,0.8231460452256344,0.7732273838630807,,,,,,,,0.007648330285085756,,,
frankfurt_000001_067178_leftImg8bit.jpg,0.007623818690934547,0.0008020318139286192,,0.38665056367508555,0.00035705784337062603,0.2953606738143148,,,0.11981457268513016,0.49353175761112733,0.7364267143062224,,0.161040371138091,0.28800954829232467,0.632740017691469,0.7350713842333954,0.0002828854314002829,0.0019425019425019425,,,,,,0.015696950682630124,,,
frankfurt_000001_067295_leftImg8bit.jpg,0.011928048405790929,0.001643578304766377,,0.44992963456803514,0.6125091399966253,0.35886416445335734,0.01203326544467074,,0.4072470469544748,0.08682707287519474,0.7558395103435941,,0.44004477403106196,0.6843221837210947,0.8125095511627698,0.8362792929696873,0.10645864402890903,0.4242761692650334,0.3290900518623291,,,,0.0,0.007727652464494569,,,
frankfurt_000001_067474_leftImg8bit.jpg,0.006497190971881698,0.00032397408207343413,0.0006186204763377668,0.6713509557709855,0.6280210794112302,0.5001389701051842,0.19017650728413638,,0.4459490607352772,0.29651664907398523,0.16500193520788206,,0.5502065917171135,0.7785968407570798,0.6692012288786482,0.8805340647398245,0.3144454081140985,,0.550513698630137,,,,0.47408763299393664,0.01266085512660855,,,
frankfurt_000001_067735_leftImg8bit.jpg,0.004751203284258211,6.429686782401028e-05,,0.38654729654017783,0.04978957404393424,0.16452846731673393,,,0.003318019397651863,0.09660705331773357,0.8093503202737118,,0.7931403444485159,4.804689376831788e-05,0.22607873013253327,,,0.24176255230125523,0.0,,,,0.0029139303266211454,,,,
frankfurt_000001_068063_leftImg8bit.jpg,0.01070514843129279,0.003927986906710311,0.0005201109570041609,0.625845905547721,0.22781137573983573,0.27360635021135365,0.10827061164460594,,0.20966171435750855,0.1130717834504026,0.6298420248824392,0.00035382574082264487,0.8623884116557183,0.22828236726000303,0.671905775357242,,0.05147443727098237,,,0.05221345186093443,,,,,,,
frankfurt_000001_068208_leftImg8bit.jpg,0.009620687765947733,0.0023963133640552995,0.011433456216273976,0.5377899190440529,0.4214114807207741,0.21668262522113302,0.12904706157808477,,0.4482765216725965,0.3201009300824458,0.7694796586295468,0.128755847111211,0.7124294878473514,0.275688622754491,0.5409856441489032,,0.20275415661886026,,0.0,0.05573116763118222,,,,,,,
frankfurt_000001_068682_leftImg8bit.jpg,0.010337496578539851,0.0,,0.5833607756918548,0.4518730443342826,0.160850828779724,0.08166673400401331,,0.38408459905275194,0.10260302041435836,0.5045255791636867,,0.8450583347844474,0.38736212376145074,0.18347726105144702,,,,,0.10433879633392026,,,,0.003927242662257131,,,
frankfurt_000001_068772_leftImg8bit.jpg,0.012720647596604918,0.0025585514662468016,,0.5860078595378015,0.7113066049933887,0.3090278092304905,0.48424286458385174,,0.12784810126582277,0.39789778353263766,0.4821730554489049,,0.8527123878335858,0.6591558769127291,0.08916538585565853,,0.0,0.0008045052292839903,0.0,0.08211571165793219,,0.0008944543828264759,,0.009067753438614367,,,
frankfurt_000001_069633_leftImg8bit.jpg,0.0031136446298128074,0.000938624393805079,,0.6024682286722298,0.13087129656678095,0.5569754814236988,,,0.21324921135646688,0.4227804950348303,0.6554399576794216,,0.8996519420249701,0.4328532436097712,0.8236515582183037,,0.19590867300030645,0.009852216748768473,0.1848602022605592,,,,0.0027752081406105457,0.0,,,
frankfurt_000001_070099_leftImg8bit.jpg,0.009837123687188231,,,0.468572878251615,0.24471438183943053,0.4313191470744259,,,0.3221933962264151,0.19386826783114994,0.6192723427586747,,0.6634440733579422,0.5904936014625228,0.6931629210813892,,0.3148502624266749,,,,,,,,9.50678201562179e-05,,
frankfurt_000001_071288_leftImg8bit.jpg,0.009383875055516846,,0.013180313504040503,0.7016163881200145,0.003954338580914721,0.11486631016042781,,,0.42718109141466803,0.09307984790874525,0.6774702713473431,0.6672175691195832,0.7569841508676899,0.007979758660957572,0.9109901253790051,,0.15791373398303554,,,,,,,,,,
frankfurt_000001_071781_leftImg8bit.jpg,0.004070928690136765,,0.007163012806598654,0.5607520704766681,0.44894721233689205,0.19800353532744616,0.1831092447933647,,0.5114058092928893,0.3838494604789894,0.5690286021433603,0.45357542758030167,0.7128803854808496,0.051876770538243626,0.5825071986836693,,,,,0.007129835932752683,,,,,,,
frankfurt_000001_072155_leftImg8bit.jpg,0.006579895125043218,,0.013560231908954263,0.6987975809320527,0.3134626865671642,0.049283261073855965,0.0004264911960031682,0.0032720297867539208,0.2553533044921503,0.06637362637362637,0.47379558078617523,0.7120843353008331,0.6353437615532693,0.002160410477990818,0.38177095493812746,,0.15488173125314544,,,0.004166061134525021,,,,,,,
frankfurt_000001_072295_leftImg8bit.jpg,0.007318504630194937,,0.011126618971861367,0.6711175967520927,0.005793303923274548,0.2547077464487969,,0.0013245549105925436,0.3010504201680672,0.08180977448957814,0.7064420400976884,0.017202153043671273,0.7891491022638564,,0.6937612880913039,,0.09921363040629096,,,,0.17599541380029185,,,,,,
frankfurt_000001_073088_leftImg8bit.jpg,0.006281176865080874,0.00033922740957469366,,0.5114755240874368,0.3382418775657939,0.10881421735023304,0.4227205847279452,,0.6007384080790531,0.2536438691264907,0.36157586795945457,0.08824822009317043,0.7268520562053998,0.5445965242224776,0.7351188110943336,,0.12220645619013834,,0.5388251181634031,,,,,,,,
frankfurt_000001_073243_leftImg8bit.jpg,0.004604142089395727,,,0.40493493324319757,,0.14366562410410394,,,0.10195721438324988,0.09132295365564964,0.710353336557572,0.0,0.546599180122145,0.0009478672985781991,0.8378600690300313,,0.0,0.013138948884089273,0.03136882129277566,0.02795809305274599,,,,,,,
frankfurt_000001_073464_leftImg8bit.jpg,0.005805896070395104,,,0.2503134429648829,0.005595229330781123,0.3624066283034314,0.06524373330218841,,0.3467832829899464,0.3365815026513326,0.5010924907253422,,0.6490566037735849,,0.7476770327629463,,0.15699767097183992,0.44394316531839867,0.4079394501081248,0.005387994143484627,,,0.0,,,,
frankfurt_000001_073911_leftImg8bit.jpg,0.00775365961044679,0.0010672358591248667,,0.44123456790123455,0.4007900218462633,0.45203946176701987,0.20938122381704552,,0.5708099004541217,0.3591980961996106,0.898329228931932,0.02919431279620853,0.7185175469824436,0.49812558575445176,0.8375949153495698,,0.6089859911446613,,,,,,0.0962171052631579,,,,
frankfurt_000001_075296_leftImg8bit.jpg,0.0021237999970139896,0.0,,0.25150854324903665,0.021757950622177256,0.34096741942466063,,,0.1823960022794021,0.5062231274043901,0.6304135447108793,0.18194283303449002,0.741082214168976,0.343977205737866,0.6304087077849491,,0.0,0.08829332456428807,0.37219446427155206,,,,,0.02205005959475566,,,
frankfurt_000001_075984_leftImg8bit.jpg,0.005338687542971093,0.0004969505308335216,,0.4583172409847087,0.125502731605254,0.5449983209387772,0.04174638819915586,,0.4436351518613729,0.005630221576462042,0.7688504548559922,,0.858327803583278,0.05160973212091423,0.4578891916022404,,0.1998658618376928,0.07074859368238857,0.03782935491864211,,0.19172015276028231,,0.00033288948069241014,,,,
frankfurt_000001_076502_leftImg8bit.jpg,0.008679278917931235,0.0004628320176904682,,0.5883804542186079,0.45454092413188213,0.49907255832864017,0.17319570797543787,,0.6773604372316101,0.05317139001349527,0.7152536838238296,0.00014543339150668993,0.7472554431156088,0.6195289650572118,0.6147449842881315,,0.5659916345715824,0.6064302117887216,0.7769792760958839,0.0,,,,,,,
frankfurt_000001_077092_leftImg8bit.jpg,0.004725186082874259,0.00199700449326011,,0.5974649083040426,0.019490116386477,0.341885757247063,,,0.4091787439613527,0.3274136535922661,0.8104303992757486,,0.015475735575085976,0.5167237397467548,0.7162816633794236,,0.0013904338153503894,0.002073255010366275,0.0,,0.0007722007722007722,,0.016205910390848427,,,,
frankfurt_000001_077233_leftImg8bit.jpg,0.004442094538269165,0.0,,0.44744921188443176,0.21652335999037942,0.425256446939856,,,0.4652567975830816,0.3732306038344383,0.6983586350071364,,0.5682521407498021,0.5108866442199775,0.7314981070466031,,0.0,0.03299327110918168,0.023234200743494422,,0.8241540895813048,,,,,,
frankfurt_000001_077434_leftImg8bit.jpg,0.00889321899477516,0.0012251298637655592,0.017528031962881815,0.5086799391326401,0.19528204599360627,0.4139250517566237,0.02675,,0.33311003772520537,0.2176244014157818,0.785550102503572,,,0.4399130774714282,0.5300263745181578,,0.19888430754305117,0.30153494862362046,0.2687160940325497,,,0.8558758314855875,0.0,,,,
frankfurt_000001_078803_leftImg8bit.jpg,0.007694342784073372,0.0007075471698113207,0.0031163743210755944,0.37739681349975873,0.3723493573873544,0.049311023527869556,0.2675572684363227,,0.46432659836300155,0.058852702926103485,0.4777966840510956,0.0,0.8120326570657697,0.44720744680851066,0.33209450491106984,,,,,0.010051904766959273,,,,,,,
frankfurt_000001_079206_leftImg8bit.jpg,0.010829324804190696,,0.005770491803278688,0.23896574129243245,0.40153829693648285,0.23231245136560574,0.21980415750383803,,0.4187378009108653,0.4471191096710573,0.8556516888285747,0.004585918532506069,0.7652209539417268,0.40954415954415957,0.8645823801535255,,0.20322432058959006,0.010226589131742531,0.31760244390603604,0.020340047448481183,,,,0.02634851546712265,,,
frankfurt_000001_080091_leftImg8bit.jpg,0.007811716773135394,,0.002999400119976005,0.5555742091714743,0.6312022133336193,0.514558089952558,,,0.2739648859262041,0.4676793527614959,0.7769534494725943,,0.4486752762614832,0.1292749658002736,0.8879694643130565,,0.02015939990623535,,0.31323777403035413,,,,,,,,
frankfurt_000001_080391_leftImg8bit.jpg,0.01614249311013765,0.00022371364653243848,,0.5450501117600404,0.21046508553449142,0.32723372017222757,0.04053247935700606,,0.15118177577359665,0.284264395991915,0.80023467759705,0.33788039319559715,0.7584704548925669,0.1873453517143867,0.8468457798279516,,0.000716974368166338,,,0.0074707294371234014,,,,0.017911509144647658,,,
frankfurt_000001_080830_leftImg8bit.jpg,0.006606822539741449,,,0.3680783019735155,0.0988728116979732,0.19688519840830274,0.29337961815026037,,0.13220392156862745,0.01680053957937335,0.7884528270806738,0.566952162105703,0.7389944998640651,0.0038616815868000704,0.9033290190332902,0.018328242154956955,0.040667361835245046,,0.0,0.018147684605757195,,,,,,,
frankfurt_000001_082087_leftImg8bit.jpg,0.0024598248414581495,0.0,0.0,0.7983571154302862,0.474677597641857,0.6342684160778158,0.5077330041442554,,0.1833880886193244,0.2328267754209291,0.4893152302243211,,0.7541021612014116,0.00030147723846849563,0.5372320937900714,0.0,0.0,,0.12112579049527268,,0.2112341324480827,,0.01337969612215587,,0.0041723788519997616,,
frankfurt_000001_082466_leftImg8bit.jpg,0.0070805485381528295,,,0.4920428996970823,0.3262523512291899,0.432188978959086,,,0.43173274425454405,0.5586818181818182,0.5373767962125137,,0.6704186684969115,,0.5564412859357332,,0.0,,,,,,0.34137708042612575,,,,
frankfurt_000001_083029_leftImg8bit.jpg,0.009368818937543554,,0.009616256917354623,0.6491360638349881,0.20438403134949792,0.30042060248464014,,0.00228675966155957,0.26954312767022054,0.24036734555559322,0.37628058245250945,0.15529291900152828,0.7732714862624228,0.1472249916915919,0.31966609378836236,,0.22708055829038049,0.12240543161978662,0.22089487402258906,,,,,,,,
frankfurt_000001_083199_leftImg8bit.jpg,0.010013804667567704,,0.000573921028466483,0.7536411132374882,0.3482774122358903,0.4069444299036937,,0.0009254974548819991,0.3266672726721813,0.3004848125061838,0.4551611141452758,0.0,0.7766247820597607,0.08853967037178996,0.6966812629638165,,0.11766127083836675,0.021520657801238453,0.0,,,0.0,0.6168933296327135,0.0009613073780341264,,,
frankfurt_000001_083852_leftImg8bit.jpg,0.008434678803253003,,0.020516008703761267,0.43681697683580734,0.2016643654140389,0.29779721301940804,,0.0,0.28455362263429557,0.1498226218958832,0.7415099043126426,0.010217929272770815,0.8081159997345544,0.002711006687149828,0.7993140598356844,,0.22768192048012004,,,,,,0.1256583897667419,0.008344623352955986,,,
