,0,7,8,11,17,20,21,22,23,25,26,33,6,19,24,28,5,13,32,12,9,27,29,30,15,Miou
munster_000097_000019_leftImg8bit.jpg,0.008839562591806757,0.4528557625208009,0.5833782129742962,0.4993797172180085,0.16454700406450767,0.3187263556116015,0.7029224663413152,0.42323792284195044,0.7413155162775841,0.3094630244234533,0.32329917319009294,0.5135845870645389,,,,,,,,,,,,,,0.4201291087599964
munster_000000_000019_leftImg8bit.jpg,0.00803881568065281,0.4970648589226823,0.547542675130661,0.08395149346496196,0.5798677278332025,0.05226896931839059,0.20071441472947163,9.375585974123383e-05,0.744419438090928,0.02076796653219782,0.7003047505228562,0.6068383327105343,0.023867173988239364,0.37559019468339694,0.11383620894529208,0.009384384384384385,,,,,,,,,,0.2852844475498496
munster_000001_000019_leftImg8bit.jpg,0.0041983179598480734,0.3799758406263831,0.44143585198315977,,0.396636252212992,0.27011280525598114,0.1788172844583826,0.3144536851161457,0.7471930632533469,,0.951161446782869,,,0.001746506986027944,0.34422264613707587,,0.0003078817733990148,0.0008697542944118286,,,,,,,,0.310087025910771
munster_000002_000019_leftImg8bit.jpg,0.008279250497522721,0.5336834762244361,0.03179457868686991,0.0611786929699412,0.4334940006153215,0.026017887297517042,0.6360019250026736,0.38815944649736617,0.7908969791323613,0.08931107954545454,0.6996118353596016,,0.015120086400493718,0.0,0.018085106382978722,,,,0.44022273173927284,,,,,,,0.2979897911679865
munster_000003_000019_leftImg8bit.jpg,0.009676977915637605,0.7124929110534046,0.7757295529962912,0.2282507262963289,0.5098878537256193,0.39117050829641864,0.2507817249635129,,0.5216383578962155,0.26851197090615214,0.8150463963814149,0.3994956772334294,0.009539672925499697,0.454556164222183,0.3277315465254512,,,,,0.006356871827723845,,,,,,0.37872446087768546
munster_000004_000019_leftImg8bit.jpg,0.00712658924817299,0.3781183009498811,0.24846974006062522,0.3442923091899979,0.14115684093437153,0.8257620134526431,0.35814291775259105,0.6063681560530733,0.7204360014408093,0.07814700084483245,0.19427842320864952,0.3462902860593252,,0.04377332880895826,0.00912309368191721,,,0.3597251313710359,,,,,,,,0.31074734220379235
munster_000005_000019_leftImg8bit.jpg,0.012824650100995613,0.34038220737784797,0.4865354855836781,0.31683747043211835,0.3724952290076336,0.36301125200928736,0.36116033930532865,0.20563753616395403,0.5699289046878472,,0.20658135283363802,0.40914064472687484,0.0040334778662902086,,0.3631600491199345,,,0.012967160402719941,,0.011211370806336714,,,,,,0.2690604753616324
munster_000006_000019_leftImg8bit.jpg,0.0033060397957386865,0.1285908747029803,0.19951557886891966,0.32408479324115563,0.43194325547266726,0.19214914746112047,0.6167228097851847,0.07635450805383168,0.7787170263788968,,0.802966607748531,,,,0.429722157366332,,7.791499474073786e-05,0.39134714232594764,,0.27349900491378853,0.0001718394754930471,,,,,0.3099445800390219
munster_000007_000019_leftImg8bit.jpg,0.008621556404584757,0.6766214936216683,0.26539313188790525,0.3473714403359631,0.3380323162427767,0.42380852842809363,0.37661737725447614,0.10890430152725235,0.8142012638445335,0.0208019294543262,0.8383033009089459,0.27460249247958746,0.004365582312350373,0.10578224714755366,0.20827954212927102,,0.0010802781716291944,,,,0.008379595684508223,0.6923447840111736,,,,0.30630617565814444
munster_000008_000019_leftImg8bit.jpg,0.005852310653689129,0.406411545030358,0.0011579658400077198,0.275803709930613,0.3830804539079434,0.008028545941123996,0.4215111557020687,0.007494918699186992,0.5507991872130046,,0.678899144287175,,,,,,,0.13139795844494317,,0.0031588165384374804,0.02219644238205723,,,,,0.22275324265927757
munster_000009_000019_leftImg8bit.jpg,0.007824766195644754,0.5101746141653731,0.11451357384604306,0.2723841549560266,0.35161411613041843,0.3440905724261983,0.5512105194865605,,0.6718470218588466,,0.5960972540116355,,0.001831196936906942,,0.06190047961630695,,,0.44222555696640886,,0.14586700955180015,,,,,,0.3131985258575515
munster_000010_000019_leftImg8bit.jpg,0.0025878725734335,0.5587525252942196,0.27960627003689204,0.47414314569279303,0.4283776832062854,0.24632417141061014,0.5803404028415639,0.1689608636977058,0.6539262305616245,0.02364066193853428,0.8389012175373358,0.46359860814906273,,,0.5310231593501555,,0.002945553764107652,,,,,,,,,0.375223454718166
munster_000011_000019_leftImg8bit.jpg,0.00894709360579162,0.2738664699891125,0.19101823487750974,0.15314658367880704,0.45731942835071454,0.4035655737704918,0.6007190560834486,0.0,0.85571479621584,0.23478321776283534,0.6649436239759858,0.4325624708986497,,0.0,0.1010232558139535,,0.0008892325536439203,,,,,9.937270976957953e-05,,,,0.3127570293061824
munster_000012_000019_leftImg8bit.jpg,0.005685402765510536,0.2999734021620243,0.013724505654783253,0.27629723415639384,0.33661365433617435,0.42979234826734325,0.8334996703779666,,0.8161691952506597,,0.833961686865768,,,0.0,0.1330368891510504,,5.837711617046118e-05,,,,,0.2023600256550348,,,,0.3484310326465733
munster_000013_000019_leftImg8bit.jpg,0.010165979159742723,0.38643370360377527,0.6234535378370994,0.4766391983712623,0.5639979271926415,0.3364445092606096,0.3723932472691162,,0.8010118043844857,0.26348597458643014,0.5973430134361845,0.7273741748784778,0.00017677214071062401,0.6795166519304451,0.40531836184010095,,0.0006540864048140759,0.008543136366578215,,,,,,,,0.39080950491640465
munster_000014_000019_leftImg8bit.jpg,0.0066852332585628955,0.5289054110836173,0.33478520583403854,0.5188179051832936,0.4485621709194006,0.34146058283989317,0.2892532204305918,,0.7758058596195782,,0.8103932099404736,,0.006167241066569925,,0.2696965275751386,0.002426202992317024,0.0005042864346949068,,,,,,,,,0.3333433120906285
munster_000015_000019_leftImg8bit.jpg,0.006255342552895415,0.727821860243981,0.35828326288721674,0.6156681844215983,0.6723876829883897,0.3180821917808219,0.8097219885093392,0.08448382443849166,0.07442508710801393,0.30817246561091205,0.8334354673977316,0.7361503044705183,,,0.2579889807162534,,0.000547645125958379,,,,0.013225914736488755,,,,,0.38777668019924066
munster_000016_000019_leftImg8bit.jpg,0.00683952326491302,0.5992966598927634,0.251585070919668,0.5322802723169893,0.38000616142945165,0.0,0.8256652608152106,0.0023860837438423647,0.5556830031282586,,0.5690977198417534,0.0008333333333333334,0.0035502958579881655,,0.3349588964748502,,0.0008975049362771495,,,,0.0073957445579164805,,,,,0.2907482521795154
munster_000017_000019_leftImg8bit.jpg,0.011279359623453637,0.6302556121766777,,0.5081533403066306,,,0.8539827496221687,0.06051363386811444,0.14380959208545416,0.18254396375013485,0.7813022413341096,0.10404858299595142,0.003544459855139467,,,,0.0,,0.04047976011994003,,0.00972472503572982,,,,,0.27746983506445866
munster_000018_000019_leftImg8bit.jpg,0.010747217087001012,0.4313440340359698,0.3504387459032762,0.37280094114157236,0.19933656858529394,0.38981400331093585,0.7118405627198124,0.10292339426701756,,0.5895072669266218,0.7549755568737344,0.6091393374396538,,0.10458786936236392,0.17212069698257543,,,,,,0.011041009463722398,,,,,0.3436155145785394
munster_000019_000019_leftImg8bit.jpg,0.006172679946027823,0.5527539431751489,0.5933878431319018,0.2086858828988046,0.010784313725490196,0.0,0.43691769197701025,0.14101151727591388,0.6882471918228772,0.0,0.5769933800299003,0.0,,,,,,,,,0.0021562064982377158,,0.0016299918500407497,,,0.2926127856664867
munster_000020_000019_leftImg8bit.jpg,0.02043765615666729,0.4271693156834289,0.3743449794871174,0.2789726083813045,0.2900929002508985,0.21402892734721177,0.847472694294052,0.5682740357920814,0.689515769447995,0.24678337903395908,0.50650963141651,0.6512998457810091,0.013600572655690766,,0.0,,,,,0.10137441195461673,,,0.009612141652613829,,,0.3492992579556771
munster_000021_000019_leftImg8bit.jpg,0.011656146476855582,0.5003322195152484,0.038541481085575154,0.16102246911357415,0.012492847606332253,0.0,0.5823638818472391,0.0012747805906483402,0.0048260941920452655,0.01944599888080582,0.5891048549997882,0.0025,,0.030676605504587156,,0.6585292860196665,,,,,,0.0006881705251270469,,,,0.18667534545410663
munster_000022_000019_leftImg8bit.jpg,0.011148544747952023,0.6715265165329628,0.5381995776135163,0.20430575605196866,0.44661325564457394,0.4769189479334407,0.29387892972519536,0.00169305390317562,0.8275984478474288,0.29873331633086797,0.8348955120586156,0.2818956232253011,,0.03796324194034348,0.0,,,0.016681479455800917,,0.012218963831867057,0.007164662637841879,,,,,0.31008973934255324
munster_000023_000019_leftImg8bit.jpg,0.004991136908692781,0.32179370471517277,0.1330358289456787,0.4051921808415961,0.45115922590534585,0.6552498596294217,0.07267218607320387,,0.8588126859105953,0.01904646366614097,0.8317362351794705,0.31899809383673877,0.015680655066530193,0.7267897201778897,0.5852417302798982,,7.44601638123604e-05,,0.0340393343419062,,,,,,,0.3396570938526309
munster_000024_000019_leftImg8bit.jpg,0.010534783744869674,0.8905278115135179,0.6935516278554157,0.26736166979842485,0.20956601818809717,0.012236491398110007,0.3483362167503131,0.14367652635570724,0.598625240582898,0.0,0.9027632703446966,0.0,,0.13326031398320554,0.004880849842090152,,,,,,0.012847808530944865,,,0.0,,0.32524374068371475
munster_000025_000019_leftImg8bit.jpg,0.00901148647219343,0.625578161608946,0.03928436627160867,0.2990404101725801,0.22836147813184485,0.30100943240112527,0.31547496983599366,,0.6053941031632227,0.0,0.8828716883502258,0.03274336283185841,0.003968253968253968,0.19060006937218177,0.0023394092991519642,,,,,0.0,,,,,,0.2719751686060913
munster_000026_000019_leftImg8bit.jpg,0.012971611158903773,0.8044457099847803,0.06496462409795861,0.4028657722575839,0.43911303153628434,0.5987099628986691,0.5817852701710887,0.399183042795736,0.7181152368758003,0.1166440063448901,0.6183209901088523,0.804159314975708,0.0,0.07251175418846434,0.013194401627720575,,,,,,,0.4071474716626534,,,,0.40360881337900617
munster_000027_000019_leftImg8bit.jpg,0.010503450204540873,0.45959607965422206,0.3021527674912359,0.4378148355447272,0.3308808361410988,0.1223253171747775,0.8088559162920037,0.07509076419020633,0.2716217013991381,0.11596330275229358,0.6307693824142571,0.5776634671474784,0.0,0.07644001732351667,,,0.00041399296211964395,,0.020353733857383493,0.03038052373158756,0.013515416021399409,2.69836344257208e-05,,,,0.23802047155202294
munster_000028_000019_leftImg8bit.jpg,0.011386764948567028,0.4427321832987417,0.22356871159660588,0.46894162873811446,0.5549086868296453,0.30346444386559,0.8576689526490663,0.0,0.5625761417141352,0.35548617305976804,0.743948589789361,0.3308844536957675,0.0016847622613253464,0.026104023552502454,,,0.0011431837667905116,0.000581170089112747,0.013193636010865347,,0.00434668071654373,,,,,0.28838942274014717
munster_000029_000019_leftImg8bit.jpg,0.007844995897116663,0.5937069318146062,0.20289563864066462,0.3860723365837877,0.38976130653266333,0.08778173190984578,0.47455215601078815,0.09793592775747151,0.798753124717646,,0.8219793335217814,0.5029118582300189,,,0.4685188697136355,,,,0.025595449697831497,0.014622491239248168,0.004675210384467301,,,,,0.3251738241767716
munster_000030_000019_leftImg8bit.jpg,0.004707256965195845,0.23238267999642082,0.4400283343452742,0.272553964098042,0.30374845764370506,0.6775771483785252,0.2783522217294712,0.0076787512588116814,,0.5462067031271911,0.21654326884802166,0.36212278876170656,,0.0,,0.011821471652593486,0.0,0.0015555555555555555,,,0.015553412105136243,,,,,0.24077371531897504
munster_000031_000019_leftImg8bit.jpg,0.015627831128827686,0.46694165297940915,0.1007664847401065,0.3415841148170595,0.3323708869034648,0.39237437109777534,0.36022171775552553,0.0,0.7627230522123699,,0.8381470155170461,0.7084162520729685,0.0036012440661319363,0.3189454639441716,0.014219171365530768,0.04279954512560736,0.00035778175313059033,,,,,,,,,0.31327310569860833
munster_000032_000019_leftImg8bit.jpg,0.02122570602029704,0.4907326192311441,0.06464665328291082,0.12479048522881232,0.3215950036031708,0.05896164883902948,0.4551967043890503,,0.6862216003731094,,0.8704799338022342,0.6169821442256112,,0.21110190555095276,0.5757358770426821,0.6578386792839294,0.0009621552277100705,,,,,,,,,0.36831936543576027
munster_000033_000019_leftImg8bit.jpg,0.01667243721202759,0.3247983558438052,0.012934053837686381,0.46614441951147456,0.22647702407002188,0.2350406893250359,0.8789780821323461,,0.48059984848623144,0.17840791611283416,0.7997241352324307,0.4635032811711257,,,0.015038934791654282,0.8579432217669851,,,,,,,,,,0.38125095380720453
munster_000034_000019_leftImg8bit.jpg,0.004740457955056357,0.4986948395696799,0.012751023839701415,0.35529441896661196,0.06387995712754556,0.36936251189343483,0.46709494262747,0.0006956521739130435,0.6836299900274999,,0.21822786367100758,,,,,,0.0,,,0.00502905677246312,,,,,,0.24358188314767126
munster_000035_000019_leftImg8bit.jpg,0.007574738314990717,0.6251825104011304,0.37789686269020817,0.3652703140810893,0.28345225295670023,,0.587819645648091,0.0033088892863530673,0.7767501170241957,,0.3304325659045696,,,,0.7207287507130633,,0.001034326717952033,0.027570361860999426,,,,,,,,0.34225177796661194
munster_000036_000019_leftImg8bit.jpg,0.006010414156241556,0.6739529329268401,0.09029682666269379,0.21843689204068942,0.6070446735395189,0.07889256400833027,0.45716420050521056,,0.8242211026452396,,0.8682578820144482,,,,0.4503364467208999,,0.00045955882352941176,,,0.021624101043526696,0.013979418607088215,,,,,0.3315905395149427
munster_000037_000019_leftImg8bit.jpg,0.015754794208033066,0.586472328748481,0.12187368451611967,0.5733449597123341,0.2563647628703391,0.2923412907598464,0.727533564766406,,0.7103295406978957,,0.6078907849829351,0.036244005799040926,,,,0.3522906793048973,0.000729888952609353,,,,0.012065431764569395,,,,,0.3302489013141159
munster_000038_000019_leftImg8bit.jpg,0.01062210563813595,0.5950030936797222,0.44144388518842237,0.43969119634652093,0.46284547911954543,0.6604435241466836,0.6066524925430091,0.0,0.4733634813551783,0.23525004072324482,0.8636179866133596,0.7108157944935461,,,0.2684383146917837,,,,0.012015292190060076,0.020186156969395182,,,,,,0.41431348883561486
munster_000039_000019_leftImg8bit.jpg,0.017883206700405135,0.5686478770232962,0.6839386217903844,0.09298253670048055,0.27024708304735756,0.0081615569739458,0.8548924117837037,0.3440397613413792,0.3812016385980883,0.46082625256372695,0.8831648939525847,0.5686535391165514,,,0.4723942113940282,,,0.00032123353678124,,,,,,,,0.40052534460876527
munster_000040_000019_leftImg8bit.jpg,0.014535182331792502,0.5911488963957606,0.30504074510013,0.46912423934997227,0.5111631972032417,0.7753806853333866,0.8655766336764172,,0.699770942408377,0.137137346299124,0.5693648816936488,0.6236044657097288,,,0.47343918675782654,0.8580365589429033,0.00010694043417816276,,0.0,,0.021873193293505493,0.06678474232148257,,,,0.4363804898282172
munster_000041_000019_leftImg8bit.jpg,0.012431791020019308,0.602242093241868,,0.36400717542918454,0.22384174908901613,0.2700546353308473,0.8009758613245489,,0.7289229984990513,0.39013909306796335,0.7859098148516822,0.8125197165926318,0.014293732460243219,,0.35749896136269216,0.8034364634875755,0.00011259993244004054,,,,0.02234862056610534,,,,,0.4125823537503912
munster_000042_000019_leftImg8bit.jpg,0.014028147683952165,0.9182555544109062,0.7690106815869786,0.706360975546441,0.3939438809506182,0.1917043339537357,0.6100353500673941,,0.42204558513694695,0.3386798984537272,0.6619461746386179,0.8631261036522129,0.016781205050343615,,0.5026826737809397,,0.0007111111111111111,0.006326034063260341,,,,,,,,0.4277091806724791
munster_000043_000019_leftImg8bit.jpg,0.0058150956740403124,0.4993912562257886,0.8211446295074046,0.6793582246982418,0.6545361023596734,0.636317907444668,0.11771995043370508,,0.7432424543172398,0.33888556021569805,0.8225427390925287,0.7263759352259916,,,0.6374182950617706,,0.00010706638115631691,,,,,,,,,0.5140657858952237
munster_000044_000019_leftImg8bit.jpg,0.006156982670744138,0.5446069238439164,0.3697134478782616,0.471872985835115,0.42353539758685854,0.5208082026537998,0.17232658101593484,,0.53375,0.5045877865218736,0.6852398850676475,0.7371042419699956,,,0.6216240842657725,,,,,,,,,,,0.46594387660916
munster_000045_000019_leftImg8bit.jpg,0.014968927702505047,0.7284393582283424,0.3649218495604038,0.6845566813515666,0.09861662785919736,0.21919389204545456,0.8508427258901227,0.0,0.46173402296835275,0.4681311881188119,0.27743929731807626,0.25686977299880526,,,0.1906750173973556,,0.0002735229759299781,,,,,,,,,0.35512791418576334
munster_000046_000019_leftImg8bit.jpg,0.009321221190629248,0.2343526673657029,0.3142108550276479,0.46711741287981196,0.29362817212210374,0.38711484593837536,0.5864785824875279,0.25444162436548223,0.839304355551607,0.3081769289869389,0.6022467235281881,0.28225609590713063,,,0.523571436446424,,0.0032166954338616036,0.0025229917799300073,,,,,,,,0.3405307072674241
munster_000047_000019_leftImg8bit.jpg,0.010230023907121088,0.6467038633757615,0.4484478114184589,0.05944920245986052,0.4633331808408436,0.310775782262544,0.6435619054710998,0.0036744692433315186,0.7435809196061562,0.3909931170108161,0.7132200311364816,0.7684437381631365,,0.01814962372731297,0.38868249966830304,,0.0014104372355430183,0.0022615405081814555,,0.002143659192214774,,,,,,0.33029775324865684
munster_000048_000019_leftImg8bit.jpg,0.010341674501268562,0.5641418853884894,0.32742671501150256,0.1559659771021391,0.5886041699824924,0.5513296646696847,0.6200406820903751,0.12013429860455356,0.6855964306759829,0.14842325612803026,0.858246983566439,0.48219805213740013,,0.062196307094266275,0.6135623356442744,0.09266648321408916,,0.13868012507542926,,0.27322118663332573,,,,,,0.37016330750116133
munster_000049_000019_leftImg8bit.jpg,0.014245713748393635,0.45469480085236863,0.4657575591285738,0.2742819696993173,0.4188527457152851,0.0533681532074461,0.5302626928966898,,0.7268725318832135,0.1466910295209273,0.860037537352135,0.24885484429731705,0.010723860589812333,0.1772048291385308,0.4205140819087443,,,0.0011179429849077697,,,,,,,,0.32023201952824415
munster_000050_000019_leftImg8bit.jpg,0.004388946070339658,0.6657921307945222,0.6982291874815639,0.6159554235945431,0.4223248006714226,0.32076363292694454,0.43345648822497473,0.00039952057530962844,0.8899897534210353,0.03662374821173105,0.8779185659125441,0.23734324198792384,,0.548053024026512,0.42760915435805874,,0.0003059975520195838,,,,,0.0067206617266930896,,,,0.38661714234600864
munster_000051_000019_leftImg8bit.jpg,0.012959942568184538,0.30093965684508134,0.73072416217483,0.31884409198677893,0.21552427312195763,0.2999779103158825,0.4891129757093237,0.054214466370507794,0.31141265112306427,0.07372427403439526,0.8285148514851485,0.4543819069647905,0.00019542223416469209,0.29842061512884455,0.42420592683883257,0.8878293824114516,,0.07433176549453221,,,,,,,,0.33972436910633946
munster_000052_000019_leftImg8bit.jpg,0.010088048597365368,0.5535032428182327,0.6753884274338076,0.25119632378769646,0.4933449508758225,0.00666975451597962,0.7801393478554087,0.2165058949624866,0.6199342182544344,,0.8585322723253758,0.38852738935806913,,0.537956370493189,0.7116834292579889,,0.0,,,,,,,,,0.4694976669642967
munster_000053_000019_leftImg8bit.jpg,0.014507996050179085,0.24341449491733813,0.11921494887765895,0.4280541262938008,0.38497005311334614,0.3559809989923708,0.20499163508484414,,0.898398905784858,0.3999569707401033,0.5593855447571625,0.4913806044835869,,0.07517337031900138,0.0,,,,,0.0004464285714285714,0.00798030206432607,,,,,0.2988468842892861
munster_000054_000019_leftImg8bit.jpg,0.005588990954844613,0.4510061666401699,0.004482097973388642,0.25323441005545616,0.3676618777531454,0.017479674796747967,0.28616553169198533,0.005336414149749683,0.9126157520068008,,0.8351848000963128,0.6262007847381951,0.0029832935560859188,0.23188602442333786,0.08742496536863167,,0.0001913143294432753,,,,,,,,,0.2724961399022864
munster_000055_000019_leftImg8bit.jpg,0.007135465631404165,0.6715996390588476,0.640791847041847,0.15085194088584508,0.6778544030033461,0.567752831313332,0.4264616266982113,0.0,0.7308072133963074,0.36699970847799007,0.8828251090805325,0.5777906184864932,,,0.7198094263101941,,0.001282638570774164,,,0.01643650555388772,,,,,,0.4598856409649294
munster_000056_000019_leftImg8bit.jpg,0.01319555958947148,0.5663974892828638,0.5887673037686304,0.4634431902647858,0.31843722563652327,0.14196355724775633,0.5077087580358424,,0.4887806089196487,0.1374867533047019,0.6332314233898637,0.6537704200700116,0.011721611721611722,,0.7158100820901503,,0.0002718868950516585,,,,,,,,,0.37435613358692227
munster_000057_000019_leftImg8bit.jpg,0.0038975643417588877,0.44486524809965267,0.3007820160229583,0.48003735389272706,0.14726457399103138,0.17399735566328778,0.5189088237438517,,0.5859567982340884,0.1056210335448776,0.825407897131073,0.3989702599553539,,,0.5156097067062675,,0.0005871990604815032,,0.0036452004860267314,,,,,,,0.3218250736338169
munster_000058_000019_leftImg8bit.jpg,0.008033602724805479,0.4292838206742946,0.4339037257742667,0.5265962995764593,0.5812203956533853,0.6459973524698669,0.6542807635916651,,0.42145985401459857,,0.8569932869372421,0.5840030454276288,,,0.5841264140779314,,,,0.5324690357680287,,,,,,,0.5215306330575143
munster_000059_000019_leftImg8bit.jpg,0.0046843568072447595,0.29309970416063447,0.27684289579850324,0.3656622645222824,0.3468285534854511,0.6109729334308706,0.8292932050533768,,0.8018242896468063,0.41289533461471256,0.7656561418231407,0.3365793954874415,0.014917983037582455,0.0,0.27600998284199035,,0.0017129805862200228,,0.36057625709932123,0.1303069822757097,,,,,,0.3642414537919555
munster_000060_000019_leftImg8bit.jpg,0.006489451853173365,0.2602904323565841,0.03585030837653881,0.3411525109752556,0.02560025441246621,0.022125782583949916,0.0030854017493685154,,0.8935112705385235,0.06977288691173028,0.7611332811857823,0.4386599922988063,0.0016189290161892902,,0.14282207836038413,,0.0006988120195667365,0.0013085008941422776,0.023063063063063063,,,,,,,0.18919893478722027
munster_000061_000019_leftImg8bit.jpg,0.008457732188029912,0.45414166557242275,0.3254591646988713,0.49811392527630616,0.35646397547266223,0.45121133060007457,0.44842708193493536,0.0733267716535433,0.6951733833177132,0.13329604772557793,,0.19688644688644688,0.008250021484430948,,0.2841363047087188,,0.0009641342074816814,,,,,,,,,0.2810219989805154
munster_000062_000019_leftImg8bit.jpg,0.008377262087701894,0.6602331229200579,0.33327691027322864,0.3866405334148839,0.18790007183334664,0.3740456330817777,0.3389608045807288,0.033582972014189985,0.7456840055424484,0.2657536621305365,,0.5727212826707665,,,0.6363229510030898,,0.0001464343242055938,,,,,,,,,0.3495112035289971
munster_000063_000019_leftImg8bit.jpg,0.010486396026776075,0.5166893578220251,0.6470062289512115,0.08696028673757532,0.3868914694059848,0.6365021618635835,0.5675815455226912,,0.7779957066300134,0.402659069325736,0.44166517777380737,0.2596072290728779,0.016955875061973227,0.019550038789759503,0.5560144553433144,0.9134405777335584,0.001366120218579235,,,,,,,,,0.3900857310174667
munster_000064_000019_leftImg8bit.jpg,0.01132810406132185,0.42159291185575165,0.026524014123452587,0.4383461770631629,0.1969305845326921,0.5623046637171734,0.6770837907865267,0.027899474705202817,0.8062146160162497,,0.7489948088721095,,,0.0,0.38000884564352055,,0.0010848928668294006,,,,0.008481421647819063,0.8047585034851358,,,,0.36511091495549625
munster_000065_000019_leftImg8bit.jpg,0.0036994403781971923,0.6163015774307411,0.16599021750442294,0.4411969004625252,0.18830459072139907,0.5890942239164664,0.3373194435883211,0.5233989139629438,0.6690567648314127,,0.4974263992627801,0.5284079738921873,0.01144959071598798,0.0985759493670886,,,0.003747254167205065,,,,0.006533255957618076,,,,,0.3120334997439531
munster_000066_000019_leftImg8bit.jpg,0.009690460974186558,0.6203949275622734,0.05236749743420802,0.3659856790134949,0.2405036504073643,0.09124379702257084,0.6254946801608927,0.4354446441789151,0.2963945357139113,0.16747572815533981,0.7930991384338494,0.3611904761904762,,,0.2078163052301983,,0.0009125937943621984,,,,0.011479227092609992,,,,,0.28529955609097696
munster_000067_000019_leftImg8bit.jpg,0.0062388454674133795,0.3838671773425693,0.0030416589644915726,0.35145105862544357,0.20560924767860528,0.16888045540796964,0.7044261829867342,,0.4613509475505229,,0.6298737954780289,0.0936936936936937,,,0.11090872293058085,,,,,,0.001576688129437015,,,,,0.2600765395212909
munster_000068_000019_leftImg8bit.jpg,0.010440815443065373,0.38116172314529995,0.322484100261878,0.39407898037223016,0.3063743948359333,0.16993278808000647,0.558480741025111,0.002112676056338028,0.7006469902379918,,0.8501360632370092,0.559300403167329,,0.475499346649244,0.3963994110560835,,0.0028392958546280523,,0.02592543097688093,,0.008480249944208882,,,,,0.32276833814645234
munster_000069_000019_leftImg8bit.jpg,0.013421616607491284,0.6317501858370654,0.11557296767874632,0.4987418212214875,0.2609766587168159,0.4633092818927011,0.46494976269451566,,0.8599418094362703,0.4642290049400141,0.6317252796901214,0.6198951215636421,0.011850819100731963,0.282570763861962,0.10365987289064212,,,,0.01300578034682081,,0.00601222485720966,,,,,0.34010081070851483
munster_000070_000019_leftImg8bit.jpg,0.004287234530059013,0.49079068233742373,0.14672279418192577,0.12807019784655077,0.24378325237103862,0.22003534214855888,0.5884906925782377,0.0011061946902654867,0.8586579199125325,0.23018322082931533,0.5944549850052023,0.2715410107705054,,0.14658655340308713,0.012592323525850588,0.7520080321285141,,,0.0,,0.007050705070507051,,,,,0.2935225713330984
munster_000071_000019_leftImg8bit.jpg,0.0071621262206010864,0.5168091007512723,0.33607289337052815,0.4238059857056485,0.1376364706138726,0.17430481542486193,0.5773470486553883,,0.829784471565827,0.0011370096645821489,0.8238301967015016,0.33534663865546216,,,0.013110846245530394,,0.002633981878204678,,0.0004740834386852086,,0.003623898139079334,,,,,0.278871971135403
munster_000072_000019_leftImg8bit.jpg,0.004777283529340077,0.4405504417848958,0.013125536173863311,0.28550960825860444,0.2888087242743625,0.12736056214317085,0.5788959856664455,0.2423023995871678,0.15698892547141574,0.011076564321803343,0.766264597254542,0.0,,0.0,0.00021800741225201656,,,,0.0,,0.00968822262977434,0.005666275889019148,,,,0.2093737953140469
munster_000073_000019_leftImg8bit.jpg,0.0032466237506082432,0.505829679815736,0.08001380922031018,0.6471030328075058,0.48868139987908915,,0.7293413813364671,,,,0.8812488674663864,0.0038587848932676518,,,0.4915354040924481,,,,,,,,,0.0013272406666540262,,0.38321862239284726
munster_000074_000019_leftImg8bit.jpg,0.003998306599557834,0.557240789320358,0.6892802783213742,0.5103541049416627,0.42617311838997846,,0.4825384350901321,0.4299843831337845,0.3950982391732953,,0.8023160725176027,0.46221667538950845,,,0.007631874298540965,,0.0008695652173913044,,,0.1079873726844958,0.005943974144578939,,,,,0.3486880849444472
munster_000075_000019_leftImg8bit.jpg,0.006538097453751985,0.649459696580382,0.6925247137394064,0.7309434541428227,0.2474930659270322,,,,0.8041029414341024,0.09663814917459936,0.8354836921371154,0.26901480347115875,,,,,0.00011312217194570136,,,,0.00475909187164941,,,,,0.3942791661912697
munster_000076_000019_leftImg8bit.jpg,0.004985633410144804,0.7461645726094146,0.3879199374976748,0.47094034670877327,0.28209438164474515,0.12301763746850453,0.10722824183050722,0.003605769230769231,0.9065718994643593,0.04918733960650128,0.8729952563812966,0.017857142857142856,,0.1349532710280374,,,0.0005436259853220984,,,,,,,,,0.2934332182659424
munster_000077_000019_leftImg8bit.jpg,0.008185385414529886,0.6626399161965127,0.5221697111299916,0.565448634658968,0.42629635885433004,0.19408377554476686,0.4341588999776131,0.11592505854800937,,0.5045781556572924,0.023573306198592384,0.2598624425359039,,0.1925925925925926,,,0.0004988360492184902,,,,,,,,,0.3007702364121786
munster_000078_000019_leftImg8bit.jpg,0.007436205808456674,0.7057679184747571,0.3026630542522963,0.5116881665252536,0.4180872580179139,0.4710320481760919,0.3865877712031558,,0.8832776886879256,0.319877297450571,0.857574998956899,0.5237751609975837,,0.4719568088246718,0.0010663507109004739,,0.0015523932729624838,,,,,,,0.001976284584980237,,0.3909546270629613
munster_000079_000019_leftImg8bit.jpg,0.002256516302107712,0.5544915502925895,0.15449803239681523,0.5612874162453421,0.2270549553781118,0.23823529411764705,0.6202925384188114,,0.9197868906031827,0.016722682187064512,0.78817523283891,0.11976126883635045,,,0.3429512516469038,,0.0,,,0.13939208713047344,0.015440877691995123,,,,,0.335739042434736
munster_000080_000019_leftImg8bit.jpg,0.008875166242289366,0.4033778934895442,0.09555462689685794,0.2935314882814652,0.24563028128255585,0.5912805474095797,0.3750945882475733,0.40765928712680266,0.7788455239817107,0.04321382842509603,0.7589980422669544,0.4504513474047524,,0.3820370001989258,0.46849162011173184,0.6882492049253853,,,,0.004415011037527594,,0.00017739932588256165,,,,0.3526989915679197
munster_000081_000019_leftImg8bit.jpg,0.00993305981429497,0.48178670510480015,0.001553186130467635,0.5818708564976341,0.023968656372436045,0.18962382883512796,0.5685601669371667,0.001965795164143896,0.7998981316417012,,0.4914275499971218,,,,,,0.00027056277056277056,,,,,,,,,0.2864416817514052
munster_000082_000019_leftImg8bit.jpg,0.007654929632925648,0.7977607852162554,0.013635711209989953,0.7065124229290031,0.17908787541713014,0.6414631467174399,0.8275110697434187,0.0009918175055789735,,,0.5785025891829689,0.32311712995961034,,,,,,,,,,,,,,0.4076237477514321
munster_000083_000019_leftImg8bit.jpg,0.008329371493771989,0.4001561038827159,0.14415862354822065,0.1657255617819975,0.42230634097373265,0.27645527245676027,0.4096803729187174,,0.708500800060477,0.1946827566701235,0.7756803138024025,0.7255251432208785,,0.5748957948609719,,0.9130603673266245,0.0,6.75789829363068e-05,0.002006688963210702,0.00464571382402844,,0.0,,,,0.3578673002979731
munster_000084_000019_leftImg8bit.jpg,0.009472133529752898,0.7808950781140106,0.4053507744203113,0.2412669547565589,0.2995082047037055,0.21114155251141553,0.6775379204422578,0.005983660005369951,0.6857075276447283,0.07699946212089867,0.6958590308370044,0.507437954280119,,0.1147255689424364,0.2503061338083046,,0.0006174745291756715,,0.5901276374055744,,,,,,,0.34705856675322655
munster_000085_000019_leftImg8bit.jpg,0.005197211508768241,0.6252519035314923,0.3634933875536555,0.5187986738607554,0.35007167240538506,0.5810979847116052,0.7989678599707014,,0.06532840288783237,,0.8151593914219318,0.7235871107345901,,,0.5705898541418218,,0.0010628337171343979,,,0.00921460822557361,0.015179578031889194,,,,,0.38878574805022403
munster_000086_000019_leftImg8bit.jpg,0.003437139083106842,0.31654170199657655,0.0002654740754354796,0.5131293351489847,0.2948008102633356,0.10595034246575342,0.5594625329183625,8.13140348024069e-05,0.8116171588517369,0.0037896013339396694,0.6809749812655299,0.3185913607578644,,,0.0,,0.0004480104264244695,0.0006853070175438596,,,,,,,,0.25784107640281406
munster_000087_000019_leftImg8bit.jpg,0.006263744596951543,0.39149110908101026,0.00814660443326846,0.6190060693863664,0.26381537158585644,0.21111805121798877,0.8140947658571891,,0.8169103440320674,,0.7181288084662502,0.000502008032128514,,,,,,,0.0009090909090909091,,,,,,,0.35003508796346977
munster_000088_000019_leftImg8bit.jpg,0.003454106104914845,0.3958570195900088,0.08617450491237796,0.5564237654668494,0.06357818586533111,0.028988529718456727,0.6436251535126194,0.0,0.8090398065233022,,0.8160200742301003,0.0,,,0.08464822721366252,,0.001399384270920795,,,,,,,,,0.31720079612804947
munster_000089_000019_leftImg8bit.jpg,0.0067061304474596035,0.48671702447749016,0.42034288103700607,0.35751798963391845,0.27232262768120946,0.18791574279379158,0.4680480931959711,0.15473468896643003,0.7361164531495015,0.022164726175075464,0.8718566260713554,0.3163450177235132,,0.017186024551463643,0.17354276097710236,,0.0002505323813102844,,,,,,,,,0.2994511546175065
munster_000090_000019_leftImg8bit.jpg,0.008669484361792055,0.4694012396699143,0.29826219936048937,0.14591198283240167,0.26784487365447746,0.18969278848988738,0.6463336698020407,0.2715493649960347,0.2777777777777778,0.00859554873369148,0.786368633198974,0.08149215497918667,,0.1263368315842079,0.21071883833065455,0.015232606010703994,0.007464543418760886,,,,,0.4246237789316202,,,,0.24919272447838914
munster_000091_000019_leftImg8bit.jpg,0.010480289206403856,0.447712617426256,0.3561991869918699,0.3205631105387915,0.32430422116159424,0.0,0.6303894592484509,0.0006972690296339338,0.6355509585903735,0.07894736842105263,0.89607363025832,0.16361762432362792,0.008573834494373421,0.35233692860811505,0.3268309377138946,0.8463129708267013,0.0,,,,,,,,,0.3599060271226306
munster_000092_000019_leftImg8bit.jpg,0.004605244627214602,0.6343823840700994,0.12348662310442608,0.4366052002361668,0.07076686948418572,0.004063205417607223,0.8141027871533456,0.01342769701606733,0.413245492371706,0.12211466865227104,0.5217671762136737,0.20097462611325828,,0.04074315514993481,0.08274324678730659,,,,,0.018562874251497007,0.00375402514918774,,,,,0.21908407973737176
munster_000093_000019_leftImg8bit.jpg,0.011201514570984245,0.5031859571092473,0.017781830616664766,0.12083958679762669,0.015112363949573252,0.007097497198356369,0.6843151224267876,0.33724408613556806,0.3588416235276465,,0.6468670395144619,,,0.0015096618357487923,0.0,,0.0,,,,0.013798836242726518,,,,,0.22648292666044934
munster_000094_000019_leftImg8bit.jpg,0.011276836702730055,0.7524460576328666,0.18079303675048355,0.36561595010024506,0.4303414398807044,0.5287640449438202,0.6828948898132121,0.5623156342182891,0.5377234127349091,0.19317798041202297,0.7658126208985729,0.42093187433815743,0.006071595373499272,0.5120945711021706,0.12860804636130613,,0.0002701242571582928,0.0004284490145672665,0.357628287205752,0.001120378438939375,0.011894525652049298,,,,,0.3225104877915728
munster_000095_000019_leftImg8bit.jpg,0.0031009861565675736,0.267804428885303,0.06288493039193223,0.32665965059987373,0.23323373173970782,0.36566208486297275,0.08893779032402398,,0.8436831445930912,0.023644786715600746,0.8174571467515193,0.36089283680674183,,,,,0.0,,,0.0030407925185029355,,,,,,0.2830835258621531
munster_000096_000019_leftImg8bit.jpg,0.002173591255774819,0.33127625878564976,0.06230621142970235,0.48959168079912035,0.02640553139567625,0.014796971782518927,0.788737905520774,0.0004940711462450593,0.7359410553689457,0.012182090190211584,0.557460289097603,0.6423115395107757,,,0.007177033492822967,,,,0.0,,,,,,,0.2823734022904478
munster_000098_000019_leftImg8bit.jpg,0.0027432590855803046,0.3948007018441547,0.005356545028456646,0.460964078039237,0.28620689655172415,0.43029303564632754,0.30366229428506464,0.005675146771037182,0.7567835743998779,0.002505526897568165,0.20428615275715667,0.2829918032786885,,,0.28273129096174365,,,,,,,,0.0,,,0.26300002350358587
munster_000102_000019_leftImg8bit.jpg,0.006962169183308979,0.61388632398436,0.37840158520475564,0.5166090626856029,0.31164717348927873,0.25589622641509435,0.6167476088220059,0.14324284157336767,0.6192261547690462,0.3047766000268348,0.5188711194731891,0.2658020346174244,,0.09044245970639565,0.66804417734965,,0.0014626462646264626,0.14535901926444833,,,,,,,,0.34108607517683687
munster_000103_000019_leftImg8bit.jpg,0.007797019624874461,0.6063104268826203,0.21482626739360403,0.22349488733867445,0.39688026981450253,0.30254935574849307,0.6162437341134037,,0.04241064340978609,,0.9019069821319974,0.006175771971496437,,0.412105165938058,0.09990260192013357,,,,,,,0.7301067093154349,,,,0.3508238335079291
munster_000099_000019_leftImg8bit.jpg,0.006266330979819079,0.30620197825496537,0.3239710651035171,0.4565107414703517,0.5994414057954148,0.027721038809454333,0.8926148828463217,,0.2755854293148309,,0.37893272958138224,0.19145569620253164,,,0.4524441495244415,,,,,,,,0.0044705224923162895,,,0.3263013308646122
munster_000100_000019_leftImg8bit.jpg,0.006660118170588323,0.47322742114894684,0.024858976852752384,0.00691718958048976,0.001017293997965412,,0.6574115041737856,,,,0.8402369212147669,,0.0063964993450207645,,,,,,,0.2329644097222222,,,,,,0.24996559268961535
munster_000101_000019_leftImg8bit.jpg,0.013419012461958365,0.7527450741976242,0.5870814976719829,0.08912067485176908,0.418746195982958,0.32144866860242644,0.7262611633187515,0.15864959433998538,0.0037540453074433656,0.009812588401697313,0.8175759499148899,0.1073345259391771,,0.01272678039534254,0.1938345051379124,,0.0024390243902439024,,,,,,,,,0.28099662006094417
munster_000104_000019_leftImg8bit.jpg,0.008561643835616438,0.7277594081573996,0.4419765298322917,0.4069181537675559,0.6246436373060832,0.7334942544366628,0.7704746343995883,,0.12963039609287694,0.0026954177897574125,0.8629358444231776,0.4437405484938897,,0.0036310820624546117,0.006576980568011958,,0.0006988469026106924,0.00012981955082435416,,,0.012358469621845631,0.41438177407964627,,0.0020437605193556144,,0.3107028445466471
munster_000105_000019_leftImg8bit.jpg,0.007719899692092817,0.6498070545794109,0.5202969953507737,0.3379707635120618,0.4400925546530406,0.1361376673040153,0.7496846801292192,0.05209062045955981,0.48603707293433485,0.2372340425531915,0.8142824839594109,0.28414128414128415,,0.3345444223673006,0.2697253634894992,,0.0005386963548213323,1.6142050040355125e-05,,,,,,,,0.33251998397062854
munster_000106_000019_leftImg8bit.jpg,0.00882823902846859,0.749660515540431,0.43322935620830083,0.04251866808203081,0.013368983957219251,0.03832492054589643,0.10410579835714334,,0.45526566199738877,,0.915796304480384,0.578901291311009,,,0.29926010244735346,,0.0,0.02240309452816504,,,,0.008048015277588324,,,,0.28228545782779835
munster_000107_000019_leftImg8bit.jpg,0.011282380646542496,0.5540491542957101,0.18843764681317535,0.1516164539932325,0.5147474390674673,0.1488927738927739,0.3912808286722797,0.0004312575470070726,0.31383383383383384,,0.8911428842994283,,,,,,0.0003181673560292714,0.1034458309699376,,0.0209947787853806,,0.3395961145194274,,,,0.2592906817637304
munster_000108_000019_leftImg8bit.jpg,0.003982507025743527,0.669140481895582,0.3290811058850522,0.27672240196499587,0.36438534364385344,0.23369799293651478,0.6412074077897647,0.1361590078994309,0.09858409353719645,0.006802721088435374,0.9115165103047611,0.0,,0.07241592737775944,0.17647058823529413,,,0.3540814479638009,0.0,0.2532933846958672,,,,,0.0012140658197112258,0.2830471867539852
munster_000109_000019_leftImg8bit.jpg,0.008714581035376963,0.8051982188656621,0.14067341458376367,,0.3727729725733718,0.1088985088985089,0.3616379910941201,0.04673321234119782,0.32252268752916347,,0.9009588459906661,,0.012998859749144812,0.26185854152599597,0.0,,,,,0.0012088459077010596,,,,,0.0009228985768228654,0.25731535220549967
munster_000110_000019_leftImg8bit.jpg,0.004017648433847592,0.67492928131226,0.3182904620987935,0.39016276919141735,0.31160632795862486,0.2901657634682818,0.5290006646315323,0.31994437610311816,0.17270246984491672,,0.8971114497542935,,,,0.00018254837531945966,,,0.2849335673101028,,0.0055396916047972585,0.013213741472943534,,,,,0.3008429115400178
munster_000111_000019_leftImg8bit.jpg,0.004450250806913608,0.7194745207527522,0.27955860701739044,0.5577832922764817,0.4201515576761156,0.21196052437766977,0.25527386929482015,0.03998156469639359,0.6821060500141889,,0.610165613615164,0.11827195467422097,,0.5948752302796851,0.2815163568471467,,0.004231830726770929,,0.0,0.0049924165824064715,,,,,,0.31898624264254133
munster_000112_000019_leftImg8bit.jpg,0.0032342157723781245,0.5913355536472717,0.23818374577271995,0.44498752136166037,0.4309891266222378,0.00510204081632653,0.5626523453756366,0.38442270842987214,0.21650864695832875,,0.8259185630423088,0.2585006145022532,,,0.1964614817545153,,0.0,0.0027874355592854574,0.01994922016684802,0.020702293100886535,0.010974313248053775,,,,,0.26329436413316143
munster_000113_000019_leftImg8bit.jpg,0.011263591465438148,0.7102374005886647,0.37462542702957896,0.4397565741103356,0.2791092441810283,0.16583446814949312,0.5828355346084287,0.5032061938916069,0.3426846783372175,,0.8589953834493212,,0.0049429210309521006,0.014269186270728885,0.5243027888446216,,,0.16259105681945535,,,0.0027583552504971453,,,,,0.3318275202684912
munster_000114_000019_leftImg8bit.jpg,0.0063197136449375454,0.4108711991701903,0.597167690190946,0.24228790124032998,0.38631643935567156,0.17103620474406991,0.28415049832211137,,0.7720864415366608,0.03523155329049413,0.6973212762327248,0.04911392405063291,0.019674211973767716,0.3670917522358397,0.2831258337038684,,,,,,,,,,,0.3086996171208747
munster_000115_000019_leftImg8bit.jpg,0.010472747278657601,0.7911864484938171,0.14699789711559588,0.7235094698947399,0.4012390967636749,0.05041490527634257,0.2983303614848436,,0.545844468639678,0.28229889368085503,0.8083344832344418,0.555202679293221,0.003932707013327507,0.292814877430262,,,,0.0005041734356618677,0.0062256809338521405,0.019429233361415332,,,,,,0.3085461327081491
munster_000116_000019_leftImg8bit.jpg,0.006049186830622769,0.5584382029302694,0.5364442805287575,0.0046163021490666185,0.11782650142993327,0.02378156194950088,0.5847184989024071,,0.44805194805194803,,0.8228098614660925,0.029672447013487476,,0.13661689324715845,0.2909888081227645,0.8600585396724942,,,,0.0,,0.01555023923444976,,,,0.3168302336806394
munster_000117_000019_leftImg8bit.jpg,0.00842296966592681,0.6823046395499887,0.42885480031737633,0.03215579091219679,0.40169456921192326,0.0870594423987375,0.30237785831886715,0.24181495618515134,0.6490998100639362,,0.6334371801954374,0.36423950903964175,0.0012509121234233296,,,0.8640794604278639,,,,,,0.001582535302710599,,0.0,,0.33559817383665574
munster_000118_000019_leftImg8bit.jpg,0.008936656311382917,0.6105181187148401,0.13311910405497845,,0.4924040066777963,0.3016504854368932,0.15533652689031918,0.29883965391768413,0.7660223968123906,,0.8724441722415905,,0.0038290703017307397,,,0.7651560833062758,,0.029269108546579697,,,,0.0,,0.011680143755615454,0.0008382229673093043,0.3178602678525277
munster_000119_000019_leftImg8bit.jpg,0.007836278421291773,0.3538867018981881,0.16094104534055173,0.08404091803861168,0.299478291367695,0.4435291126366641,0.1395833415162001,0.12519461956660455,0.8926479756664336,,0.8545489802034305,0.2821959979476655,,0.09820027205189913,0.022610846140257906,,0.0,,,,,,,,,0.2895918754458072
munster_000120_000019_leftImg8bit.jpg,0.005989069277148881,0.6902244948485549,0.3699008788064582,0.5088397521700252,0.5627517319155791,0.35773685773685776,0.19154639654831546,,0.16635609282176247,0.024112525117213665,0.8675492469610866,0.0,,,,,,0.07699878861296185,,,0.012437859063388592,,,,,0.31953697448994606
munster_000121_000019_leftImg8bit.jpg,0.006207025710998742,0.6941680251088781,0.14514948418235468,0.001649835670092131,0.15856918963768785,0.0,0.14091030911055608,,0.0006069514912987814,0.43439490445859874,0.8331775018261505,0.27380952380952384,,,,,,0.0006072382803011902,,0.032601557973347066,,,,,,0.22682096227164897
munster_000122_000019_leftImg8bit.jpg,0.012574576120606586,0.7489312948886945,0.44183714679627334,0.09021300292356954,0.7033859151211141,0.05063043690743818,0.331423507702757,0.15960506134969324,0.2275393460712004,0.3173942394239424,0.7218848852852416,0.6312196601941747,0.002100546141996919,,,,,,,,,,,0.003067484662576687,,0.3172719359706628
munster_000123_000019_leftImg8bit.jpg,0.005725419664268585,0.4133575568820832,0.2647617794541175,0.26542845129374737,0.45223004694835683,0.0,0.07599835488679024,2.295420635831516e-05,0.9106295860866745,0.2983974358974359,0.7138502804194099,0.3801503759398496,,0.0,,,,0.025157232704402517,,,0.013914095583787053,0.0001484704686527447,,,,0.27284086003113817
munster_000124_000019_leftImg8bit.jpg,0.0032362705979105113,0.517216426801743,0.11737666075956803,0.02413494354217225,0.35358490566037737,0.1709624229801267,0.41000566696663304,0.0,0.8347322429503579,0.17147286821705426,0.7104867161517937,0.05097706032285471,,0.0,,,,0.0,,4.7277970829492e-05,,,0.025267249757045675,,,0.2607308240521897
munster_000125_000019_leftImg8bit.jpg,0.004900208519511468,0.37075206141330985,0.059957363160663364,0.1344958095811593,0.3445916308448109,0.001978891820580475,0.14865806092124814,0.0,0.8317014168874554,,0.540849014574538,0.0,0.004170837504170837,0.09150981177412895,0.05604012211077192,0.008710252912162871,,0.11646484268622574,,0.007059074429515888,,0.0,,,,0.18145595994268357
munster_000126_000019_leftImg8bit.jpg,0.005255370171947549,0.23844958935002292,0.10055000307837544,0.1971795823550385,0.37410071942446044,0.17070095814422592,0.0869750091116336,0.05058365758754864,0.8936797415289311,0.12814352074323243,0.6571255947435994,0.25259690904484416,0.00962544465369324,0.02344213649851632,,,0.0,0.0767913048614803,,0.013105844312201163,,,,,,0.20489408660060943
munster_000127_000019_leftImg8bit.jpg,0.011371383562459873,0.38861629226561134,0.34250561978163135,0.32295433353801367,0.6590974833670813,0.3801671663486872,0.23915178452933356,0.0013039434702154383,0.6689105143776981,0.23322749154972858,0.8750268204371732,0.38476353520222556,0.006647384989054186,0.6476121562952243,0.16939890710382513,,0.0012140131807145335,0.03277075999171671,,,,,,,,0.3155729170582585
munster_000128_000019_leftImg8bit.jpg,0.005430671133686372,0.43202688920812815,0.4612767004222869,0.17614244327818257,0.09677836718851081,0.004186185587561049,0.2040691863987976,,0.5351668786527346,0.0015838447832112453,0.48307877330126275,0.0,,0.05633344187561055,0.012924349474409787,0.7640124249457095,,,,0.010713416118821524,,0.0011746050390556175,,0.005653976630229929,,0.20315950962738744
munster_000129_000019_leftImg8bit.jpg,0.00909053058165517,0.48290645070974014,0.1760593267662892,0.1497616462485496,0.3767793767793768,0.48948451538422927,0.158166493640963,0.0,0.7218123493703302,0.035975164353542734,0.7776454509957048,0.0,0.005593288054334798,0.26301964367291003,,,,0.03201341609931918,,,,0.0012812782634911064,,0.005917763493521069,,0.24570044629426377
munster_000130_000019_leftImg8bit.jpg,0.003515270363510913,0.48118997033643074,0.061183283172692296,0.0809616913751241,0.22177671970930962,0.19236031303015377,0.0826072695373584,0.004256526674233825,0.7809277028067115,,0.8598066898349261,,,0.12246903872616473,0.0288135593220339,,,,,0.39912692879012945,,0.6912427764018543,,,,0.28644555286290246
munster_000131_000019_leftImg8bit.jpg,0.007319919134906313,0.43365859899280074,0.05467357268386428,0.0655990545085095,0.3285825659016713,0.19366985548544677,0.18297842314182597,0.0058766962282295115,0.6970244340367538,0.2572479215519079,0.6533036377134372,0.6799656799656799,0.017487498105773602,0.15742690058479533,,,,0.0012792889846485322,,,,0.030730296456977585,,,,0.2354265214673268
munster_000132_000019_leftImg8bit.jpg,0.007808937528499772,0.2617462208826897,0.02480220464041248,0.2785826436716898,0.33554837717274266,0.48444014093977783,0.5418823481523192,0.0,0.7426449358329765,,0.4838739583787793,,0.0028708133971291866,0.5506420084323496,,,,,,,,,,,,0.33771296263903333
munster_000133_000019_leftImg8bit.jpg,0.009207716800899044,,0.0002906131938390003,0.0001753744706460057,0.21828309871318766,,0.38671987685508635,0.02074266589841978,0.7005063527072785,,0.18465559655596556,0.6829500900709972,0.0046549845750905134,0.0,0.39086326402016386,,,,,0.04327104212191998,,,,,,0.22019338966529112
munster_000134_000019_leftImg8bit.jpg,0.011300241128882674,0.7582548828427644,0.21915677208824444,0.0386260495065478,0.3238931987413154,0.13729210849425158,0.44280702042132913,0.03940700568990042,0.8802038331631451,,0.4915716232694929,0.0,0.00319642000958926,0.027316141356255968,0.22382545115121344,0.8780400837926577,,,,0.0014684287812041115,,,,,,0.29842395069578637
munster_000135_000019_leftImg8bit.jpg,0.019853020512390154,0.5495367175585641,0.45917691798432664,0.5316489848738265,0.3846942261701401,0.06648096564531104,0.7509118768841292,,0.8004837622781454,0.15285671552497757,0.3267075491647283,0.33025535795713634,0.001275103602167676,0.3644347642801939,0.0005700171005130154,0.8960010580086294,,,,0.0026650557885011727,,,,,,0.35234700583335504
munster_000136_000019_leftImg8bit.jpg,0.011076156770218901,0.7222099143627627,0.42354370730406177,0.4000374813303222,0.4484927662457057,0.20572662672425804,0.8012357185220911,,,0.4553976998163719,0.0008793141349747197,0.34577283924734,,0.24889458506888817,0.14190850959173634,,,,,0.6498583082868183,,,,,,0.37346412518504235
munster_000137_000019_leftImg8bit.jpg,0.017047216164376364,0.6866310387612785,0.17710071222284865,0.2255927204696391,0.1832423330101546,0.3220460697122024,0.8009877760946912,,0.45672683256790914,,0.7195453285278625,,,,0.6021768816772431,,,,0.0,0.07794730612875006,,,,,,0.38809492866699596
munster_000138_000019_leftImg8bit.jpg,0.013766436323462514,0.2704080729606087,0.41313736759996716,0.40329878126537083,0.20383824537354353,0.13840850005651634,0.6399615605055742,,0.7571301657323163,0.25063705860939206,0.7144893864188404,0.33244356757384086,,,0.24541716635257838,,0.0007945651742084144,,,,,,,,,0.3372100672266323
munster_000139_000019_leftImg8bit.jpg,0.012414803661930176,0.730015448271579,0.33755201782043254,0.693299785499009,0.4638965393366064,0.735775111283143,0.0,,0.7673607160465734,0.2572459681966843,0.8097089237839908,0.7639833189274926,,,0.5044283121597096,,0.004602991944764097,,,,,,,,,0.5066903280776596
munster_000140_000019_leftImg8bit.jpg,0.006551608689087436,0.5789134802226394,0.49030547284630116,0.663641719426045,0.35044531171820276,0.6411474042225502,,,0.2676868485251719,0.337502616705045,0.8385737692127643,0.6814191954041433,,,0.45499216635806866,,0.00037632891146862355,0.00025612293901072515,,,,,,,,0.40860092655234603
munster_000141_000019_leftImg8bit.jpg,0.005799663245359947,0.40486648390265323,0.06169671973911375,0.5520771486915584,0.19143321153065368,0.04179566563467492,,,,0.012040351448096323,0.7785592092758031,0.656093883945727,,,0.32987581245840353,,,0.0019772738649446865,,,,,,,,0.2760195839760899
munster_000142_000019_leftImg8bit.jpg,0.004394629191765085,0.4496554995962763,0.4144446632532493,0.5908961172603749,0.11998945147679325,0.36705461056401073,,,0.3223007063572149,0.13298188929512797,0.7432867883995704,0.5167601345938151,,,0.20439776133259066,,0.0005454793399699986,,,,,,,,,0.3222256442217299
munster_000143_000019_leftImg8bit.jpg,0.008805858054825385,0.7972591282138556,0.1257556184215547,0.7214389256547152,0.35268403567057177,0.4984089875965972,,,0.09682337992376112,0.021026072329688814,0.0003013863773357444,0.7588063592824553,,,0.6276049757055336,,0.0011683001233205685,,,,,,,,,0.3341735856128513
munster_000144_000019_leftImg8bit.jpg,0.006235588178345743,0.6598081559044952,0.03134552718394689,0.5580760337808177,0.16935720575286176,0.6130083539888002,,,0.6004748877303464,0.19462717058222676,0.016044496737618996,0.4462159398056834,,,0.4817278828965564,,0.00041212928178547084,,,,,,,,,0.31477778098529047
munster_000145_000019_leftImg8bit.jpg,0.006471642835279199,0.6485002921921185,0.018031153556414183,0.6315874392075304,0.045574202040144784,0.5295904472609196,0.35665177434662837,,0.3833455229338627,0.2238641376268196,0.5253904831093352,0.318393559766632,,,0.49880001684186887,,0.0050663227708179805,,,,,,,,,0.32240515342218246
munster_000146_000019_leftImg8bit.jpg,0.011865959395837327,0.5581875525986129,0.0587908126480585,0.6610822284058463,0.3653822629969419,0.18219076005961252,,,0.6664549323508862,0.03986892408519935,,0.49654372150849563,,,0.5849437330228948,,0.0013217799970627112,,,,,,,,,0.32969387882449525
munster_000147_000019_leftImg8bit.jpg,0.006625425068701141,0.43668672354123056,0.04742902568219562,0.5249271689198961,0.5282186526012946,0.5615113296280462,0.5087220597558232,,0.7889944093161788,,0.30172001911132346,0.6144618114546759,,,0.7033461471256334,,0.0007045088566827697,,,,,,,,,0.4186122734218068
munster_000148_000019_leftImg8bit.jpg,0.009037101014848026,,0.25110092936930273,0.7375560186556565,0.2077391044180712,0.34066930431915593,0.5536108865534897,,0.7542200441349268,,0.6584892686999656,0.26710487003286526,0.003958137662686167,,0.6852945034763217,,0.0002689256420599704,,0.029384328358208957,,,,,,,0.3460333401798122
munster_000149_000019_leftImg8bit.jpg,0.003503684909991543,0.8451847200260265,0.06012847779851556,0.7166398439101986,0.2396589832649195,0.6191976475530351,0.0006031363088057901,,0.6617807269485986,,0.9186335485397956,0.29739953550566545,,,0.060463980463980466,,0.0007663814024779665,,,,,,,,,0.3686633888860009
munster_000150_000019_leftImg8bit.jpg,0.0072270825408900724,0.849188092985926,0.19887298289552324,0.6842712161161515,0.018866162323713458,0.23944444444444443,0.3723380025054094,,0.8128157182328152,0.012645071886367574,0.37091892003959925,0.6339106654512306,,,0.5233597510223283,,,,,,,,,,,0.3936548425370332
munster_000151_000019_leftImg8bit.jpg,0.005616819173972086,0.8418162305338631,0.043276043142680916,0.7448851749796869,0.1543274977149687,0.5541974045554897,0.8416884874704312,,0.8017518820138247,0.18707423580786026,0.8476558828505367,0.6733612273361227,,,0.32229976736457294,,0.002618562700029095,,,,,,,,,0.46312070889569534
munster_000152_000019_leftImg8bit.jpg,0.005893659722418521,0.8210793094961415,0.1617840833827169,0.586394330832917,0.12142506945579343,0.3318576235169116,0.6375885282901393,0.016421484775915155,0.7646784534680396,0.028444444444444446,0.4616294334668749,0.1586877061602924,,,0.0009563886763580719,,0.0,,,0.011509842014588908,0.006092620799170366,,,0.017157712305025996,,0.2582250431754843
munster_000153_000019_leftImg8bit.jpg,0.0075603948363209845,0.8495190650939803,0.415321651368856,0.6556298525472057,0.3131134837265369,0.5786540247925942,0.5264890892896905,0.0002381746296384509,0.13021939136588817,0.28130650994575046,0.453511259382819,0.326483345264665,,,0.08084114244720442,,0.0011004857316332726,0.0002702702702702703,,0.0025742786656655584,0.005336625996693384,,,0.0037901682280648734,,0.2573310674213043
munster_000154_000019_leftImg8bit.jpg,0.01633352131503645,0.748239762675224,0.4140867286128522,0.6553121966629931,0.3628218398240393,0.5770948964396914,0.7329840860798409,0.466465296763383,0.0009794319294809011,0.3888851824671426,0.6006445707555624,0.19670612454966546,,0.07919075144508671,0.042374111159483384,,,,,,,,,,,0.377294178619963
munster_000155_000019_leftImg8bit.jpg,0.0091661965160095,0.7213986764304293,0.12421500614154975,0.5889369988850176,0.49426393045461026,0.3064095397801379,0.36407227175090767,0.12511119250693317,0.3845313921747043,0.367708400179683,0.5081117021276595,0.3125777556606121,0.0070652438727281585,0.4095707248416608,0.3572865163831392,,0.0,,,0.0067455894223008035,,,,,,0.31794819607050523
munster_000156_000019_leftImg8bit.jpg,0.013197935961894681,0.7674533446051827,0.4104019352437663,0.5809855133376887,0.40557368216242107,0.5326881814599116,0.34868766791650674,0.5261179263949347,,0.1706607248419808,0.7984105021598272,0.5807288980574179,0.011546828805712055,0.5034310267427692,0.10269878645172976,,,,,0.031865305794422566,,,,,,0.38562988399574444
munster_000157_000019_leftImg8bit.jpg,0.007894124203709321,0.6137524834863405,0.3215236251771456,0.6538672011570007,0.5345470497916209,0.10778535980148883,0.6412056842208782,0.20249728555917482,0.8917248451305679,0.0767871170463472,0.48371201565930144,,,,,0.7720327102803738,,0.08821041298161962,0.2752457551385165,,,,,,,0.40505611925957746
munster_000158_000019_leftImg8bit.jpg,0.0043132050431320505,0.3641516926299652,0.10841436421500071,0.32985782267588015,0.2716222533894343,0.09967014353213872,0.6366400517136119,0.004795615437314455,0.8973839128776958,0.024585125998770743,0.7493591301416577,0.030984204131227218,,0.0,,,0.000484613520717228,,0.0967741935483871,,,,,,,0.2585025949182095
munster_000159_000019_leftImg8bit.jpg,0.008771232477409439,0.5654039650174927,0.09869756369415796,0.2046127206743385,0.4786637405510851,0.06602689734405623,0.03779782772285874,0.20990911309015495,0.8918883174884151,0.016131800240260855,0.7669055405925356,0.04513176581978855,0.009473042948522692,0.11357680597421876,0.01059850374064838,,,0.009806092430329295,,,,,,,,0.22083718311289202
munster_000160_000019_leftImg8bit.jpg,0.01784906031683558,0.3315633391055617,0.13730121904922596,0.3653705391001593,0.5361622096840606,0.17267825044937088,0.5591253470330297,0.481540723506697,0.6281022479672637,0.015921931176168466,0.7811331533028666,0.15065185900531144,,0.08015536723163842,0.16730627908875642,0.6629204398447607,0.00031416902293433867,,,0.014065766964455427,0.0006726759047490919,,,,,0.2834908098752136
munster_000161_000019_leftImg8bit.jpg,0.002021511938362957,0.511064460136136,0.06550121478256951,0.366265005323288,0.38307314367224027,0.0,0.5707707459851398,,0.8203085483055134,0.0,,4.3572984749455335e-05,,,0.39836632108074144,,,,,,,,,,,0.346379391578749
munster_000162_000019_leftImg8bit.jpg,0.013416711558901038,0.6875326290210819,0.5039662976740017,0.6605540817584095,0.4305069769154302,0.12034195528277071,0.625054060494797,,0.309496954658245,,0.8859679507046105,0.4744951383694839,0.022215436292846783,0.4049952576667721,0.0,,0.0035665294924554186,0.13407098721080615,,,,,,,,0.3768700690786151
munster_000163_000019_leftImg8bit.jpg,0.0084735789102036,0.5308397506417308,0.04586876691148048,0.3446945444017041,0.47689683893229684,0.01603474194087189,0.7460311824043415,0.3637661961336259,0.06818526955201215,0.03181160917165875,0.7570430894935636,0.0,,,,0.0014295925661186562,0.00030637254901960784,,,0.029529644815036626,,,,,,0.24435079845883317
munster_000164_000019_leftImg8bit.jpg,0.009357556795961177,0.5836890397606964,0.3073070368677002,0.17462132162912736,0.20975298126064737,0.015358361774744027,0.7535765997197571,0.45577607950197907,,,0.6364785172704297,,0.002577710386656558,,,0.03626943005181347,0.0006259780907668231,,,0.3858881044893194,,,,,,0.2747137475076615
munster_000165_000019_leftImg8bit.jpg,0.012754400440044004,0.1551907826226269,0.03425545709963259,,0.42805470391677286,0.5124519284620842,0.8411530906459284,0.6066354704067612,0.10403890886022416,0.004023718763235917,0.5278139240570924,0.0,0.0008835483300936561,0.0004234596654668643,0.19202873523520067,,,,,,,,,,,0.26305447142347416
munster_000166_000019_leftImg8bit.jpg,0.01792702273929138,0.462411810817873,0.4748496978965202,8.323650153654582e-05,0.42787859407892986,0.49455769883323325,0.7113960907691733,0.19183794253739372,0.8629558480321337,0.06271195863679324,0.7938284641558137,0.4078276980083372,0.01272254450890178,0.4216043569059416,0.44435248679750927,0.003908964558721334,,,,,,,,,,0.36192840098613144
munster_000167_000019_leftImg8bit.jpg,0.02245877953425123,0.34906393847313427,0.21474671133793033,0.20671705668151286,0.5154066341134871,0.05397498720105317,0.7172123173889153,,0.828682368059556,0.4863933557165577,0.48527516113039165,0.6886694283675573,0.003042101622158562,0.6577150278604047,0.49872911201167786,,0.0011359948068808828,,,,,,,,,0.38194819828703136
munster_000168_000019_leftImg8bit.jpg,0.010158281738854932,0.3568153563081207,0.2795830528527426,0.13397509090102874,0.35427309996846423,0.7708677948848454,0.6102670390341863,0.00032763252735731603,0.8041253430663404,,0.8691671435259845,,,0.02372034956304619,0.0013831258644536654,,,0.5296704358751329,,,0.006255585344057194,,,,,0.3393278093896153
munster_000169_000019_leftImg8bit.jpg,0.006522243925093224,0.4086444149105527,0.09858304221489438,0.2500767745436647,0.3536392632395621,0.6261671678234723,0.6244332393957194,,0.8826289188397305,0.1068064418109997,0.7039407972396259,0.37491207502930834,0.021391669357442685,0.43482842351216383,0.10110803324099724,,0.00046490004649000463,,,,,0.0,,,,0.33294316034198107
munster_000170_000019_leftImg8bit.jpg,0.008652316365300651,0.6674829898332363,,0.0020970721086982376,0.23043564948659156,0.6349341329872145,0.8111966074056114,,0.8718746897321038,0.003629764065335753,0.8025481220009928,0.0,,0.0787037037037037,0.0,,0.0003252032520325203,,,,,,,,,0.3738072955400746
munster_000171_000019_leftImg8bit.jpg,0.01567849202776982,0.48113368338524354,0.1471422916680644,0.02044429203907515,0.3096093399191738,0.005667680398119989,0.43065231416473754,0.04769337216599353,0.6866946114879877,0.010380622837370242,0.7534076235114066,0.0,,,0.0010807472595337347,0.6033770304930179,0.0,0.30427120919694556,,,0.01085454904282613,0.0275320298366912,0.024137280784461625,,,0.2282210100128481
munster_000172_000019_leftImg8bit.jpg,0.0040303769587861455,0.5242909511865714,0.09237971083195069,0.3018018122784657,0.3641260652838077,0.18023174647494067,0.4714822583831819,0.35705067538501245,0.8898014577702901,,0.8761395248174912,0.0,,,0.002992731936725096,,0.0,,,0.0007659100403843476,0.012969206563272646,,,,,0.3136971098392985
munster_000173_000019_leftImg8bit.jpg,0.00377200938683252,0.1254192064903794,,0.5154594996051494,0.25124875124875123,0.044651716610438576,0.622723682799281,,0.9308344408108096,,0.7913821244369001,,,,,,0.00028427766821242646,0.093805362880221,,0.004501676919489929,0.0072154262505999415,,,,,0.2826081812589221
